Station,OriginalDrainageArea,HasShapefile,BorderStation,GoesOutsidePDA,FinalArea,Comments
01AD002,14700,Yes,Yes,,4229.55,
01AD003,1350,Yes,Yes,,1023.92,
01AE001,2260,Yes,Yes,,0,Completely in Maine
01AF002,21900,Yes,Yes,,10863.37,
01AF007,339,Yes,,,339,
01AF009,182,Yes,,,182,
01AG003,6060,Yes,Yes,,36.67,
01AH002,2230,Yes,,,2230,
01AJ003,1210,Yes,Yes,,106.35,
01AJ004,484,Yes,Yes,,50.82,
01AJ010,350,Yes,,,350,
01AK001,234,Yes,,,234,
01AK006,5.7,Yes,,,5.7,
01AK007,240,Yes,,,240,
01AL002,1450,Yes,,,1450,
01AL004,3.89,Yes,,,3.89,
01AM001,557,Yes,,,557,
01AN002,1050,Yes,,,1050,
01AP002,668,Yes,,,668,
01AP004,1100,Yes,,,1100,
01AP006,293,Yes,,,293,
01AQ001,239,Yes,,,239,
01AQ002,1420,Yes,,,1420,
01AR004,1080,Yes,Yes,,766.34,
01AR005,3550,Yes,Yes,,1151.77,
01AR006,115,Yes,,,115,
01AR011,357,Yes,Yes,,135.42,
01BC001,3160,Yes,,,3160,
01BE001,2270,Yes,,,2270,
01BJ003,510,Yes,,,510,
01BJ007,7740,Yes,,,7740,
01BJ010,217,Yes,,,217,
01BJ012,43.2,Yes,,,43.2,
01BL002,173,Yes,,,173,
01BL003,383,Yes,,,383,
01BO001,5050,Yes,,,5050,
01BP001,1340,Yes,,,1340,
01BP002,28.7,Yes,,,28.7,
01BQ001,948,Yes,,,948,
01BS001,166,Yes,,,166,
01BU002,391,Yes,,,391,
01BU009,6.2,Yes,,,6.2,
01BV004,40.4,Yes,,,40.4,
01BV006,130,Yes,,,130,
01CA003,46.8,Yes,,,46.8,
01CB002,114,Yes,,,114,
01CB004,45.4,Yes,,,45.4,
01CC002,37.5,Yes,,,37.5,
01CC005,70.1,Yes,,,70.1,
01CC010,16.8,Yes,,,16.8,
01CD005,14.8,Yes,,,14.8,
01DC005,546,Yes,,,546,
01DC007,1020,Yes,,,1020,
01DD002,90.8,Yes,,,90.8,
01DD005,15.7,Yes,,,15.7,
01DG003,96.9,Yes,,,96.9,
01DJ005,89,Yes,,,89,
01DL001,63.2,Yes,,,63.2,
01DP004,92.2,Yes,,,92.2,
01DR001,177,Yes,,,177,
01EA003,1070,Yes,,,1070,
01EC001,495,Yes,,,495,
01ED005,723,Yes,,,723,
01ED007,295,Yes,,,295,
01ED013,268,Yes,,,268,
01EE005,17.7,Yes,,,17.7,
01EF001,1250,Yes,,,1250,
01EJ001,146,Yes,,,146,
01EJ004,13.1,Yes,,,13.1,
01EO001,1350,Yes,,,1350,
01FA001,193,Yes,,,193,
01FB001,368,Yes,,,368,
01FB003,357,Yes,,,357,
01FC002,190,Yes,,,190,
01FF001,123,Yes,,,123,
01FG001,14,Yes,,,14,
01FJ002,17.2,Yes,,,17.2,
02AB006,6466.65,Yes,,,6466.65,
02AB008,187,Yes,,,187,
02AB014,104.7,Yes,,,104.7,
02AB017,225.81,Yes,,,225.81,
02AB019,45.63,Yes,,,45.63,
02AB020,83.11,Yes,,,83.11,
02AB021,406.84,Yes,,,406.84,
02AB022,42.57,Yes,,,42.57,
02AB023,180.88,Yes,,,180.88,
02AB024,54.2,Yes,,,54.2,
02AB025,7738.55,Yes,,,7738.55,
02AC001,726.39,Yes,,,726.39,
02AC002,2980,Yes,,,2980,
02AD010,651.91,Yes,,,651.91,
02AD012,24718,Yes,,,24718,
02AE001,607.98,Yes,,,607.98,
02BA003,1324.17,Yes,,,1324.17,
02BA005,20.9,Yes,,,20.9,
02BA006,1187,Yes,,,1187,
02BB003,4221.73,Yes,,,4221.73,
02BB004,210.02,Yes,,,210.02,
02BC004,4156.28,Yes,,,4156.28,
02BC006,407.37,Yes,,,407.37,
02BD002,5311.43,Yes,,,5311.43,
02BD006,31.41,Yes,,,31.41,
02BD007,1954.09,Yes,,,1954.09,
02BF001,1227.64,Yes,,,1227.64,
02BF002,1138.67,Yes,,,1138.67,
02BF004,50.98,Yes,,,50.98,
02BF005,10.36,Yes,,,10.36,
02BF006,8.03,Yes,,,8.03,
02BF007,5.05,Yes,,,5.05,
02BF008,4.08,Yes,,,4.08,
02BF009,2.04,Yes,,,2.04,
02BF012,1.15,Yes,,,1.15,
02BF013,0.07,Yes,,,0.07,
02CA002,108.49,Yes,,,108.49,
02CB003,1451.66,Yes,,,1451.66,
02CC005,1971.45,Yes,,,1971.45,
02CC010,1205.15,Yes,,,1205.15,
02CD001,1354.24,Yes,,,1354.24,
02CD006,157.08,Yes,,,157.08,
02CE002,1338.6,Yes,,,1338.6,
02CF005,87.04,Yes,,,87.04,
02CF007,277.46,Yes,,,277.46,
02CF008,179,Yes,,,179,
02CF010,1647.69,Yes,,,1647.69,
02CF011,680.43,Yes,,,680.43,
02CF012,198.8,Yes,,,198.8,
02CG003,17.9,Yes,,,17.9,
02DB005,3154.02,Yes,,,3154.02,
02DC004,3006.4,Yes,,,3006.4,
02DC012,1200,Yes,,,1200,
02DC013,163.66,Yes,,,163.66,
02DD012,741,Yes,,,741,
02DD013,68.59,Yes,,,68.59,
02DD014,35.64,Yes,,,35.64,
02DD015,103.78,Yes,,,103.78,
02DD024,301,Yes,,,301,
02DD026,199,Yes,,,199,
02EA005,328.84,Yes,,,328.84,
02EA010,155.06,Yes,,,155.06,
02EA011,2839.38,Yes,,,2839.38,
02EA018,402.51,Yes,,,402.51,
02EA021,70.39,Yes,,,70.39,
02EB004,1410.11,Yes,,,1410.11,
02EB008,1403.43,Yes,,,1403.43,
02EB011,4789.76,Yes,,,4789.76,
02EB012,30.28,Yes,,,30.28,
02EB013,610.17,Yes,,,610.17,
02EB014,604.9,Yes,,,604.9,
02EC002,1510.27,Yes,,,1510.27,
02EC008,271.78,Yes,,,271.78,
02EC009,176.03,Yes,,,176.03,
02EC010,51.3,Yes,,,51.3,
02EC011,291.27,Yes,,,291.27,
02EC018,347.05,Yes,,,347.05,
02EC019,353.8,Yes,,,353.8,
02EC021,40.63,Yes,,,40.63,
02ED003,1230.58,Yes,,,1230.58,
02ED007,168.46,Yes,,,168.46,
02ED013,121.49,Yes,,,121.49,
02ED014,189.99,Yes,,,189.99,
02ED015,244.14,Yes,,,244.14,
02ED017,65.2,Yes,,,65.2,
02ED024,243.61,Yes,,,243.61,
02ED026,175.68,Yes,,,175.68,
02ED027,2686.37,Yes,,,2686.37,
02ED029,479.46,Yes,,,479.46,
02ED030,10.51,Yes,,,10.51,
02ED031,68.24,Yes,,,68.24,
02ED032,231.21,Yes,,,231.21,
02ED100,86,Yes,,,86,
02ED101,327.6,Yes,,,327.6,
02ED102,216.43,Yes,,,216.43,
02FA001,913.45,Yes,,,913.45,
02FA002,50.5,Yes,,,50.5,
02FA004,312.03,Yes,,,312.03,
02FB007,182.97,Yes,,,182.97,
02FB009,587.07,Yes,,,587.07,
02FB010,298.02,Yes,,,298.02,
02FB012,105.23,Yes,,,105.23,
02FB013,278.62,Yes,,,278.62,
02FB014,56.19,Yes,,,56.19,
02FC001,3953.52,Yes,,,3953.52,
02FC002,2136.36,Yes,,,2136.36,
02FC011,156.44,Yes,,,156.44,
02FC015,669.92,Yes,,,669.92,
02FC017,50.73,Yes,,,50.73,
02FC020,124.57,Yes,,,124.57,
02FC021,99.87,Yes,,,99.87,
02FD001,155.8,Yes,,,155.8,
02FD002,54.9,Yes,,,54.9,
02FD003,99.98,Yes,,,99.98,
02FE002,1644.42,Yes,,,1644.42,
02FE003,73.39,Yes,,,73.39,
02FE005,527.45,Yes,,,527.45,
02FE007,340.27,Yes,,,340.27,
02FE008,644.82,Yes,,,644.82,
02FE009,370.56,Yes,,,370.56,
02FE010,205.02,Yes,,,205.02,
02FE014,74.66,Yes,,,74.66,
02FE015,2544.78,Yes,,,2544.78,
02FE016,177.62,Yes,,,177.62,
02FE017,79.42,Yes,,,79.42,
02FF002,865.41,Yes,,,865.41,
02FF004,42.72,Yes,,,42.72,
02FF007,460.39,Yes,,,460.39,
02FF008,112.53,Yes,,,112.53,
02FF009,113.8,Yes,,,113.8,
02FF011,15.49,Yes,,,15.49,
02FF014,18.41,Yes,,,18.41,
02FF015,22.11,Yes,,,22.11,
02GA003,3515.27,Yes,,,3515.27,
02GA005,168.33,Yes,,,168.33,
02GA010,1034.28,Yes,,,1034.28,
02GA014,663.01,Yes,,,663.01,
02GA015,567.86,Yes,,,567.86,
02GA016,784.76,Yes,,,784.76,
02GA018,544.24,Yes,,,544.24,
02GA023,114.06,Yes,,,114.06,
02GA024,59.21,Yes,,,59.21,
02GA028,571.13,Yes,,,571.13,
02GA029,231.49,Yes,,,231.49,
02GA030,47.43,Yes,,,47.43,
02GA031,41.5,Yes,,,41.5,
02GA039,274.71,Yes,,,274.71,
02GA042,60.38,Yes,,,60.38,
02GA043,14.9,Yes,,,14.9,
02GA044,2.19,Yes,,,2.19,
02GA045,7.34,Yes,,,7.34,
02GA046,3.46,Yes,,,3.46,
02GA047,761.59,Yes,,,761.59,
02GB001,5200.52,Yes,,,5200.52,
02GB006,150,Yes,,,150,
02GB007,388.64,Yes,,,388.64,
02GB008,385.86,Yes,,,385.86,
02GB010,172.78,Yes,,,172.78,
02GC002,330.88,Yes,,,330.88,
02GC006,369.83,Yes,,,369.83,
02GC007,566.73,Yes,,,566.73,
02GC008,143.76,Yes,,,143.76,
02GC010,354.1,Yes,,,354.1,
02GC011,154.04,Yes,,,154.04,
02GC017,101.08,Yes,,,101.08,
02GC018,294.5,Yes,,,294.5,
02GC021,68.4,Yes,,,68.4,
02GC022,177.17,Yes,,,177.17,
02GC026,664.55,Yes,,,664.55,
02GC029,134.08,Yes,,,134.08,
02GC030,126.7,Yes,,,126.7,
02GC031,99.56,Yes,,,99.56,
02GD001,1338.1,Yes,,,1338.1,
02GD003,1416.28,Yes,,,1416.28,
02GD004,306,Yes,,,306,
02GD008,203.19,Yes,,,203.19,
02GD009,149.27,Yes,,,149.27,
02GD010,144.35,Yes,,,144.35,
02GD011,87.75,Yes,,,87.75,
02GD014,315.4,Yes,,,315.4,
02GD015,1323.3,Yes,,,1323.3,
02GD016,509.95,Yes,,,509.95,
02GD018,140.35,Yes,,,140.35,
02GD021,148.85,Yes,,,148.85,
02GD027,145.14,Yes,,,145.14,
02GD028,37.33,Yes,,,37.33,
02GE002,3082.61,Yes,,,3082.61,
02GE003,4370.37,Yes,,,4370.37,
02GE005,148.59,Yes,,,148.59,
02GE006,3815.71,Yes,,,3815.71,
02GE007,203.8,Yes,,,203.8,
02GE008,85.66,Yes,,,85.66,
02GG002,701.18,Yes,,,701.18,
02GG003,1149.32,Yes,,,1149.32,
02GG005,170.59,Yes,,,170.59,
02GG006,248.72,Yes,,,248.72,
02GG009,535.61,Yes,,,535.61,
02GG013,213.36,Yes,,,213.36,
02GH011,55.26,Yes,,,55.26,
02HA006,291.72,Yes,,,291.72,
02HA007,222.61,Yes,,,222.61,
02HA014,51.67,Yes,,,51.67,
02HA020,166.14,Yes,,,166.14,
02HA030,13.49,Yes,,,13.49,
02HA031,47.44,Yes,,,47.44,
02HB001,208.75,Yes,,,208.75,
02HB004,192.99,Yes,,,192.99,
02HB005,101.27,Yes,,,101.27,
02HB007,157.91,Yes,,,157.91,
02HB008,130.99,Yes,,,130.99,
02HB011,241.99,Yes,,,241.99,
02HB012,77.94,Yes,,,77.94,
02HB013,60.58,Yes,,,60.58,
02HB018,414.7,Yes,,,414.7,
02HB021,9.14,Yes,,,9.14,
02HB022,123.42,Yes,,,123.42,
02HB023,126.19,Yes,,,126.19,
02HB024,18.9,Yes,,,18.9,
02HB025,644.84,Yes,,,644.84,
02HB027,24.45,Yes,,,24.45,
02HB028,36.84,Yes,,,36.84,
02HB029,774.24,Yes,,,774.24,
02HB030,19.68,Yes,,,19.68,
02HB031,12.46,Yes,,,12.46,
02HB032,35.63,Yes,,,35.63,
02HC003,802.04,Yes,,,802.04,
02HC009,190.91,Yes,,,190.91,
02HC013,89.06,Yes,,,89.06,
02HC017,68.56,Yes,,,68.56,
02HC018,100.27,Yes,,,100.27,
02HC019,93.5,Yes,,,93.5,
02HC022,181.31,Yes,,,181.31,
02HC024,318.5,Yes,,,318.5,
02HC025,296.28,Yes,,,296.28,
02HC027,58,Yes,,,58,
02HC028,83.58,Yes,,,83.58,
02HC030,204.99,Yes,,,204.99,
02HC031,142.18,Yes,,,142.18,
02HC033,67.77,Yes,,,67.77,
02HC038,52,Yes,,,52,
02HC047,163.54,Yes,,,163.54,
02HC049,257.46,Yes,,,257.46,
02HC053,58.99,Yes,,,58.99,
02HC054,39.01,Yes,,,39.01,
02HC055,37.58,Yes,,,37.58,
02HC056,37.31,Yes,,,37.31,
02HC058,39.26,Yes,,,39.26,
02HD003,67.3,Yes,,,67.3,
02HD004,46.07,Yes,,,46.07,
02HD006,80.94,Yes,,,80.94,
02HD008,95.79,Yes,,,95.79,
02HD009,80.74,Yes,,,80.74,
02HD010,63.77,Yes,,,63.77,
02HD012,241.87,Yes,,,241.87,
02HD018,16.76,Yes,,,16.76,
02HD019,122.09,Yes,,,122.09,
02HD021,25.08,Yes,,,25.08,
02HD022,33.6,Yes,,,33.6,
02HD023,14.74,Yes,,,14.74,
02HE002,119.1,Yes,,,119.1,
02HE004,1,Yes,,,1,
02HF002,1281.49,Yes,,,1281.49,
02HF003,1251.74,Yes,,,1251.74,
02HG002,32.6,Yes,,,32.6,
02HG003,33.8,Yes,,,33.8,
02HH003,26.3,Yes,,,26.3,
02HJ001,116.15,Yes,,,116.15,
02HJ003,282.6,Yes,,,282.6,
02HJ005,11.57,Yes,,,11.57,
02HJ006,106.93,Yes,,,106.93,
02HJ007,45.5,Yes,,,45.5,
02HK003,1934.69,Yes,,,1934.69,
02HK006,552.83,Yes,,,552.83,
02HK007,160.52,Yes,,,160.52,
02HK008,93,Yes,,,93,
02HK009,82.6,Yes,,,82.6,
02HK011,32.98,Yes,,,32.98,
02HK015,79.07,Yes,,,79.07,
02HK016,35.17,Yes,,,35.17,
02HK017,117.71,Yes,,,117.71,
02HL001,2594.93,Yes,,,2594.93,
02HL003,428.66,Yes,,,428.66,
02HL004,677.65,Yes,,,677.65,
02HL005,296.89,Yes,,,296.89,
02HL007,1762.67,Yes,,,1762.67,
02HL008,312.63,Yes,,,312.63,
02HM002,180.87,Yes,,,180.87,
02HM003,906.73,Yes,,,906.73,
02HM004,105.2,Yes,,,105.2,
02HM005,160.13,Yes,,,160.13,
02HM006,144.17,Yes,,,144.17,
02HM007,700.24,Yes,,,700.24,
02HM009,4.98,Yes,,,4.98,
02HM011,57.77,Yes,,,57.77,
02JC008,1782.25,Yes,,,1782.25,
02JE027,706.1,Yes,,,706.1,
02JE028,368,Yes,,,368,
02KA015,167.43,Yes,,,167.43,
02KB001,4122.32,Yes,,,4122.32,
02KC009,2376.79,Yes,,,2376.79,
02KD002,844.48,Yes,,,844.48,
02KD004,5804.34,Yes,,,5804.34,
02KF001,2663.91,Yes,,,2663.91,
02KF006,2935.25,Yes,,,2935.25,
02KF010,617.6,Yes,,,617.6,
02KF011,258.48,Yes,,,258.48,
02KF012,212.26,Yes,,,212.26,
02KF013,291.44,Yes,,,291.44,
02KF015,26.5,Yes,,,26.5,
02KF016,358.99,Yes,,,358.99,
02KF017,151.67,Yes,,,151.67,
02KF018,279.67,Yes,,,279.67,
02KF019,1314.11,Yes,,,1314.11,
02LA004,3811.14,Yes,,,3811.14,
02LA006,411.12,Yes,,,411.12,
02LA007,526.09,Yes,,,526.09,
02LB005,3770.03,Yes,,,3770.03,
02LB006,438.66,Yes,,,438.66,
02LB007,246,Yes,,,246,
02LB008,448.17,Yes,,,448.17,
02LB013,2369.83,Yes,,,2369.83,
02LB018,105.41,Yes,,,105.41,
02LB020,185.01,Yes,,,185.01,
02LB022,146.09,Yes,,,146.09,
02LB032,306.41,Yes,,,306.41,
02MA001,271.04,Yes,,,271.04,
02MB006,106.72,Yes,,,106.72,
02MB010,13.1,Yes,,,13.1,
02MC001,365.1,Yes,,,365.1,
02MC026,132.61,Yes,,,132.61,
02MC027,126.38,Yes,,,126.38,
02MC028,84.52,Yes,,,84.52,
02MC036,159.16,Yes,,,159.16,
02XA003,4540,Yes,,,4540,
02YA002,33.6,Yes,,,33.6,
02YC001,624,Yes,,,624,
02YD002,200,Yes,,,200,
02YE001,95.7,Yes,,,95.7,
02YG001,627,Yes,,,627,
02YJ001,640,Yes,,,640,
02YK002,470,Yes,,,470,
02YK005,391,Yes,,,391,
02YK008,20.4,Yes,,,20.4,
02YL001,2110,Yes,,,2110,
02YL003,7860,Yes,,,7860,
02YL004,58.5,Yes,,,58.5,
02YL005,17,Yes,,,17,
02YL008,471,Yes,,,471,
02YL011,12.9,Yes,,,12.9,
02YM003,93.2,Yes,,,93.2,
02YM004,238,Yes,,,238,
02YN002,469,Yes,,,469,
02YN004,276,Yes,,,276,
02YO006,177,Yes,,,177,
02YO008,773,Yes,,,773,
02YO011,6300,Yes,,,6300,
02YO012,58.7,Yes,,,58.7,
02YO014,8.15,Yes,,,8.15,
02YO015,52.89,Yes,,,52.89,
02YO016,NA,Yes,,,4706.82,
02YQ001,4450,Yes,,,4450,
02YQ005,80.8,Yes,,,80.8,
02YR001,275,Yes,,,275,
02YR003,554,Yes,,,554,
02YR004,227,Yes,,,227,
02YS003,36.7,Yes,,,36.7,
02YS005,2000,Yes,,,2000,
02YS006,663,Yes,,,663,
02ZA002,72,Yes,,,72,
02ZB001,205,Yes,,,205,
02ZC002,230,Yes,,,230,
02ZD002,1340,Yes,,,1340,
02ZE004,99.5,Yes,,,99.5,
02ZF001,1170,Yes,,,1170,
02ZG001,205,Yes,,,205,
02ZG003,115,Yes,,,115,
02ZG004,42.7,Yes,,,42.7,
02ZH001,764,Yes,,,764,
02ZH002,43.3,Yes,,,43.3,
02ZJ001,67.4,Yes,,,67.4,
02ZJ002,73.6,Yes,,,73.6,
02ZJ003,106,Yes,,,106,
02ZK001,301,Yes,,,301,
02ZK002,89.6,Yes,,,89.6,
02ZK003,37.2,Yes,,,37.2,
02ZK004,104,Yes,,,104,
02ZK006,32.71,Yes,,,32.71,
02ZL004,28.9,Yes,,,28.9,
02ZL005,11.2,Yes,,,11.2,
02ZM006,3.63,Yes,,,3.63,
02ZM008,52.7,Yes,,,52.7,
02ZM009,53.6,Yes,,,53.6,
02ZM016,17.3,Yes,,,17.3,
02ZM020,17.8,Yes,,,17.8,
02ZM022,NA,Yes,,,37.43,
02ZN002,15.5,Yes,,,15.5,
03NE001,75.7,Yes,,,75.7,
03NE002,24.3,Yes,,,24.3,
03NE011,NA,Yes,,,156.89,
03NE012,NA,Yes,,,15.57,
03NF001,7570,Yes,,,7570,
03OA005,NA,Yes,,,1597.26,
03OA010,NA,Yes,,,137.35,
03OA012,43.4,Yes,,,43.4,
03OC003,15100,Yes,,,15100,
03OE001,92500,Yes,,,92500,
03OE010,71.4,Yes,,,71.4,
03OE011,NA,Yes,,,779.46,
03QC001,10900,Yes,,,10900,
03QC002,2310,Yes,,,2310,
04AA004,9190,Yes,,,9190,
04AB001,103000,Yes,,,103000,
04AD002,65000,Yes,,,65000,
04GB005,1137.89,Yes,,,1137.89,
04JC002,2178.36,Yes,,,2178.36,
04JD005,2118.44,Yes,,,2118.44,
04JF001,5304.37,Yes,,,5304.37,
04LA002,5565.7,Yes,,,5565.7,
04LA006,92.48,Yes,,,92.48,
04LB002,926.36,Yes,,,926.36,
04LC003,1640.78,Yes,,,1640.78,
04LD001,12402.8,Yes,,,12402.8,
04LF001,6759.38,Yes,,,6759.38,
04LJ001,8574.38,Yes,,,8574.38,
04LK001,1169.9,Yes,,,1169.9,
04MD004,407.85,Yes,,,407.85,
05AA008,402.7,Yes,,No ,402.7,
05AA011,179,Yes,,No ,179,
05AA022,820.7,Yes,,No,820.7,
05AA024,4401.1,Yes,,No ,4401.1,
05AA027,217.6,Yes,,No ,217.6,
05AA028,375.3,Yes,,No ,375.3,
05AA033,38.4,Yes,,No,38.4,
05AA034,24,Yes,,No ,24,
05AA909,74,Yes,,No ,74,
05AB005,440.8,Yes,,No ,440.8,
05AB013,255.8,Yes,,No ,255.8,
05AB021,1180.6,Yes,,No ,1180.6,
05AB029,130.2,Yes,,No ,130.2,
05AB040,65.3,Yes,,No ,65.3,
05AB041,832.9,Yes,,No ,832.9,
05AB046,2509.9,Yes,,No ,2509.9,
05AC003,2778.1,Yes,,No ,2778.1,
05AC012,5339.11,Yes,,No ,5339.11,
05AC023,5900.7,Yes,,No ,5900.7,
05AC030,350,Yes,,No,350,
05AC031,957.8,Yes,,No ,957.8,
05AC034,NA,Yes,,No ,3490.06,
05AC930,NA,Yes,,No ,791.67,
05AC941,1963,Yes, ,No ,1963,
05AD003,612.7,Yes,Yes,No,364.9,
05AD005,319.2,Yes,Yes,No ,83.67,
05AD007,17031.2,Yes,Yes,No ,15279.54,
05AD010,238.6,Yes,,No ,238.6,
05AD035,223.5,Yes,,No ,223.5,
05AD041,653,Yes,Yes,No ,417.42,
05AD042,47.9,Yes,,No ,47.9,
05AD934,3584.5,Yes,Yes,No ,3101.12,
05AE002,312.3,Yes,Yes,No ,238.13,
05AE005,222.4,Yes,Yes,No ,120.66,
05AE006,3527.2,Yes,Yes,No,2244.36,
05AE016,769.8,Yes,,No ,769.8,
05AE043,1320,Yes,Yes,No ,213.11,
05AG003,1881.9,Yes, ,No ,1881.9,
05AG006,27532.8,Yes,Yes,No ,25765.21,
05AG026,43.2,Yes,,No ,43.2,
05AH001,321.1,Yes,,No ,321.1,
05AH002,436.9,Yes,,No ,436.9,
05AH005,3275.7,Yes,,No ,3275.7,
05AH037,215.3,Yes,,No ,215.3,
05AH043,19.8,Yes,,No ,19.8,
05AH050,1048,Yes,,No ,1048,
05AH052,808.4,Yes,,No ,808.4,
05AH053,348.2,Yes,,No ,348.2,
05AJ001,56368.6,Yes,Yes,No ,54602.5,
05BA001,422.4,Yes,,No ,422.4,
05BA002,306.1,Yes,,No ,306.1,
05BB001,2209.6,Yes,,No ,2209.6,
05BC001,750.6,Yes,,No ,750.6,
05BE004,5170,Yes,,No ,5170,
05BE999,NA,Yes,,No ,6473.81,
05BF016,9.1,Yes,,No ,9.1,
05BF025,899,Yes,,No ,899,
05BG006,332.5,Yes,,No ,332.5,
05BG010,484.5,Yes,,No ,484.5,
05BH004,7868.2,Yes,,No ,7868.2,
05BH005,7411.6,Yes,,No ,7411.6,
05BH008,7770,Yes,,No ,7770,
05BH014,247.1,Yes,,No ,247.1,
05BH015,473.8,Yes,,No ,473.8,
05BJ001,1235.7,Yes,,No ,1235.7,
05BJ004,790.8,Yes,,No ,790.8,
05BJ010,1189.3,Yes,,No ,1189.3,
05BK001,260.5,Yes,,No ,260.5,
05BL004,1953.4,Yes,,No ,1953.4,
05BL007,236,Yes,,No ,236,
05BL012,1493.9,Yes,,No ,1493.9,
05BL013,507.2,Yes,,No ,507.2,
05BL014,592.2,Yes,,No ,592.2,
05BL019,773.6,Yes,,No ,773.6,
05BL022,165.5,Yes,,No ,165.5,
05BL023,231.9,Yes,,No ,231.9,
05BL024,3952.2,Yes,,No ,3952.2,
05BL027,137.4,Yes,,No ,137.4,
05BM002,15664.6,Yes,,No ,15664.6,
05BM004,20252.9,Yes,,No ,20252.9,
05BM007,128.5,Yes,,No ,128.5,
05BM008,1373.7,Yes,,No ,1373.7,
05BM014,776.5,Yes,,No ,776.5,
05BM018,29.5,Yes,,No ,29.5,
05BN002,2803.3,Yes,,No ,2803.3,
05BN012,25278,Yes,,No ,25278,
05CA002,821.4,Yes,,No ,821.4,
05CA004,941.4,Yes,,No ,941.4,
05CA009,2245.7,Yes,,No ,2245.7,
05CA011,237.5,Yes,,No ,237.5,
05CA012,488.8,Yes,,No ,488.8,
05CB001,2578.3,Yes,,No ,2578.3,
05CB002,451.3,Yes,,No ,451.3,
05CB004,644.6,Yes,,No ,644.6,
05CC001,1795.9,Yes,,No ,1795.9,
05CC002,11608.8,Yes,,No ,11608.8,
05CC007,1915.9,Yes,,No ,1915.9,
05CC008,353.1,Yes,,No ,353.1,
05CC009,238.8,Yes,,No ,238.8,
05CC010,56.8,Yes,,No ,56.8,
05CC011,486.6,Yes,,No ,486.6,
05CC013,802.1,Yes,,No ,802.1,
05CD006,165,Yes,,No ,165,
05CD007,511.2,Yes,,No ,511.2,
05CD902,866,Yes,,No ,866,
05CE001,24865.3,Yes,,No ,24865.3,
05CE005,3565,Yes,,No ,3565,
05CE006,752.5,Yes,,No ,752.5,
05CE007,1078.1,Yes,,No ,1078.1,
05CE010,44.4,Yes,,No ,44.4,
05CE011,58.9,Yes,,No ,58.9,
05CE012,505.9,Yes,,No ,505.9,
05CE018,199.4,Yes,,No,199.4,
05CE020,1168.8,Yes,,No ,1168.8,
05CG004,200,Yes,,No ,200,
05CG006,117.7,Yes,,No ,117.7,
05CH007,3724.6,Yes,,No ,3724.6,
05CH008,1544.9,Yes,,No ,1544.9,
05CH011,1931.4,Yes,,No ,1931.4,
05CJ006,498.4,Yes,,No ,498.4,
05CJ012,2628.7,Yes,,No ,2628.7,
05CK004,47849.5,Yes,,No ,47849.5,
05CK005,589.8,Yes,,No ,589.8,
05CK006,939.4,Yes,,No ,939.4,
05DA007,248,Yes,,No ,248,
05DA009,1923.2,Yes,,No ,1923.2,
05DA010,21,Yes,,No ,21,
05DB002,844.1,Yes,,No,844.1,
05DB005,208,Yes,,No ,208,
05DB006,2252.8,Yes,,No ,2252.8,
05DC001,11006.8,Yes,,No ,11006.8,
05DC006,1853.6,Yes,,No ,1853.6,
05DC010,3890,Yes,,No ,3890,
05DC011,347.3,Yes,,No ,347.3,
05DC012,1346.5,Yes,,No ,1346.5,
05DD004,218.7,Yes,,No,218.7,
05DD005,5660,Yes,,No ,5660,
05DD007,2601.5,Yes,,No ,2601.5,
05DD009,875.7,Yes,,No ,875.7,
05DE007,559,Yes,,No ,559,
05DE009,94.2,Yes,,No ,94.2,
05DE010,22122.9,Yes,,No ,22122.9,
05DE911,656.64,Yes,,No ,656.64,
05DF001,28096,Yes,,No ,28096,
05DF003,643,Yes,,No ,643,
05DF004,592,Yes,,No ,592,
05DF006,330.4,Yes,,No ,330.4,
05DF007,65.4,Yes,,No ,65.4,
05DF008,199.6,Yes,,No ,199.6,
05EA001,3247.1,Yes,,No ,3247.1,
05EA002,2590.9,Yes,,No ,2590.9,
05EA005,1889.5,Yes,,No ,1889.5,
05EA010,121.2,Yes,,No ,121.2,
05EA011,97.1,Yes,,No ,97.1,
05EA012,287.8,Yes,,No ,287.8,
05EB902,105.7,Yes,,No ,105.7,
05EC002,313.2,Yes,,No ,313.2,
05EC005,1596.3,Yes,,No ,1596.3,
05ED002,368.1,Yes,,No ,368.1,
05EE005,74,Yes,,No ,74,
05EE006,46.4,Yes,,No ,46.4,
05EE007,7257.4,Yes,,No ,7257.4,
05EE009,1615,Yes,,No ,1615,
05EE010,3857,Yes,,No ,3857,
05EF001,57153.4,Yes,,No ,57153.4,
05EF004,875,Yes,,No ,875,
05EF005,1620,Yes,,No ,1620,
05EF006,393,Yes,,No,393,
05EG004,500,Yes,,No ,500,
05EG005,2310,Yes,,No ,2310,
05FA001,1821.5,Yes,,No ,1821.5,
05FA011,5006.4,Yes,,No ,5006.4,
05FA012,1030.1,Yes,,No ,1030.1,
05FA014,79.1,Yes,,No ,79.1,
05FA024,235.5,Yes,,No ,235.5,
05FA025,460.4,Yes,,No ,460.4,
05FB002,3500.3,Yes,,No ,3500.3,
05FC001,7675.3,Yes,,No ,7675.3,
05FC002,281.3,Yes,,No ,281.3,
05FC004,191.1,Yes,,No ,191.1,
05FC007,76.5,Yes,,No ,76.5,
05FC008,11718.8,Yes,,No ,11718.8,
05FD001,2790.9,Yes,,No ,2790.9,
05FE002,714.4,Yes,,No ,714.4,
05FE004,25064,Yes,,No ,25064,
05FF003,403,Yes,,No ,403,
05GA003,1434.6,Yes,,No ,1434.6,
05GA008,2989.5,Yes,,No ,2989.5,
05GA010,1008.3,Yes,,No ,1008.3,
05GA012,2297.6,Yes,,No ,2297.6,
05GB004,252,Yes,,No ,252,
05GC006,11900,Yes,,No ,11900,
05GC007,94.5,Yes,,No ,94.5,
05GD002,240,Yes,,No ,240,
05GF001,2560,Yes,,No ,2560,
05GF002,5100,Yes,,No ,5100,
05GG001,153112,Yes,,Yes,146517.97,Original area is from the original shapefile as the ECDE area is much smaller than the new clipped area
05GG010,903,Yes,,No ,903,
05HA003,253,Yes,,No ,253,
05HA015,379,Yes,,No ,379,
05HC003,56,Yes,,Yes,45.08,
05HC005,244,Yes,,No ,244,
05HD036,1430,Yes,,No ,1430,
05HD039,3730,Yes,,No ,3730,
05HE001,861,Yes,,No ,861,
05HG001,141000,Yes,Yes,No ,156555.597,
05HG002,900,Yes,,No ,900,
05HG021,61.4,Yes, ,No ,61.4,
05HH001,148000,Yes,Yes,No ,163638.72,
05HH002,71.7,Yes,,No ,71.7,
05JA002,4730,Yes,,No ,4730,
05JA003,259,Yes,,No ,259,
05JB001,3540,Yes,,No ,3540,
05JB004,454,Yes,,No ,454,
05JB007,125,Yes,,No ,125,
05JC004,325,Yes,,No ,325,
05JC006,1360,Yes,,No ,1360,
05JC007,91.9,Yes,,No ,91.9,
05JE001,5250,Yes,,No ,5250,
05JE004,2990,Yes,,No ,2990,
05JE005,955,Yes,,No ,955,
05JE006,9230,Yes,,No ,9230,
05JF001,17500,Yes,,No ,17500,
05JF004,1620,Yes,,No ,1620,
05JF005,3850,Yes,,No ,3850,
05JF006,401,Yes,,No ,401,
05JF011,615,Yes,,No ,615,
05JF012,2980,Yes,,No ,2980,
05JF014,135,Yes,,No ,135,
05JG001,679,Yes,,No ,679,
05JG004,2630,Yes,,No ,2630,
05JG013,460,Yes,,No ,460,
05JG014,361,Yes,,No ,361,
05JH001,1910,Yes,,No ,1910,
05JH005,572,Yes,,No ,572,
05JJ003,2283,Yes,,No ,2283,
05JJ009,950,Yes,,No ,950,
05JK002,32900,Yes,,No ,32900,
05JK004,1680,Yes,,No ,1680,
05JK007,36500,Yes,,No ,36500,
05JK008,634,Yes,,No ,634,
05JL005,1150,Yes,,No ,1150,
05JM001,50900,Yes,,No ,50900,
05JM010,1100,Yes,,No,1100,
05JM013,44100,Yes,,No,44100,
05JM015,766,Yes,,No ,766,
05KA009,510,Yes,,Yes,2363.67,
05KB003,4400,Yes,,Yes,6731.06,
05KB005,305,Yes,,No ,305,
05KB006,165,Yes,,No ,165,
05KB011,440,Yes,,No ,440,
05KC001,9250,Yes,,Yes,11550.67,
05KD003,289000,Yes,Yes,Yes,3328.25,
05KE002,4650,Yes,,No ,4650,
05KE005,1870,Yes,,No ,1870,
05KE007,156,Yes,,No ,156,
05KE010,629,Yes,,No ,629,
05KF001,1870,Yes,,No ,1870,
05KG007,12600,Yes,,No ,12600,
05KH007,12600,Yes,,Yes,14887.83,
05KJ001,389000,Yes,Yes,Yes,64231.01,
05KJ014,74.3,Yes,,No ,74.3,
05KL001,406000,Yes,Yes,Yes,81005.35,
05LA003,210,Yes,,No ,210,
05LA004,843,Yes,,No ,843,
05LA005,1870,Yes,,No ,1870,
05LB004,181,Yes,,No ,181,
05LB005,3800,Yes,,No ,3800,
05LB006,660,Yes,,No ,660,
05LB007,511,Yes,,No ,511,
05LB008,87.5,Yes,,No ,87.5,
05LB010,355,Yes,,No ,355,
05LC001,11000,Yes,,No ,11000,
05LC004,14500,Yes,,No ,14500,
05LD001,3350,Yes,,No ,3350,
05LD003,350,Yes,,No ,350,
05LE004,2110,Yes,,No ,2110,
05LE005,840,Yes,,No,840,
05LE006,4230,Yes,,No,4230,
05LE008,1920,Yes,,No ,1920,
05LE010,138,Yes,,No ,138,
05LE011,180,Yes,,No ,180,
05LG003,103,Yes,,No ,103,
05LG004,228,Yes,,No ,228,
05LH005,55100,Yes,,No ,55100,
05LJ005,348,Yes,,No ,348,
05LJ007,955,Yes,,No ,955,
05LJ010,2880,Yes,,No,2880,
05LJ012,676,Yes,,No ,676,
05LJ019,135,Yes,,No ,135,
05LJ025,8740,Yes,,No ,8740,
05LJ027,70,Yes,,No ,70,
05LJ045,662,Yes,,No ,662,
05LL002,6360,Yes,,No ,6360,
05LL005,1820,Yes,,No ,1820,
05LL014,225,Yes,,No ,225,
05LL015,1070,Yes,,No ,1070,
05LL021,292,Yes,,No ,292,
05LL027,9.2,Yes,,No ,9.2,
05LM001,79800,Yes,,No ,79800,
05LM006,82300,Yes,,No ,82300,
05MA011,692,Yes,,No ,692,
05MA012,588,Yes,,No ,588,
05MA016,506,Yes,,No ,506,
05MA020,273,Yes,,No ,273,
05MA021,121,Yes,,No ,121,
05MA025,170,Yes,,No ,170,
05MB001,2320,Yes,,No ,2320,
05MB003,8740,Yes,,No ,8740,
05MB005,402,Yes,,No ,402,
05MB006,582,Yes,,No ,582,
05MB007,259,Yes,,No ,259,
05MC001,1930,Yes,,No ,1930,
05MC002,254,Yes,,No ,254,
05MC003,229,Yes,,No ,229,
05MD004,13000,Yes,,No ,13000,
05MD005,1970,Yes,,No ,1970,
05MD007,1320,Yes,,No ,1320,
05MD010,461,Yes,,No ,461,
05ME003,1100,Yes,,No ,1100,
05ME005,70.4,Yes,,No ,70.4,
05ME006,84200,Yes,,No ,84200,
05ME007,435,Yes,,No ,435,
05ME009,205,Yes,,No ,205,
05ME010,457,Yes,,No ,457,
05MF001,2610,Yes,,No ,2610,
05MF008,749,Yes,,No ,749,
05MF018,3888,Yes,,No ,3888,
05MG001,606,Yes,,No ,606,
05MG003,301,Yes,,No ,301,
05MG004,1170,Yes,,No ,1170,
05MH001,93800,Yes,,No ,93800,
05MH005,160000,Yes,Yes,No ,137531.29,
05MH006,644,Yes,,No ,644,
05MH007,382,Yes,,No ,382,
05MH008,276,Yes,,No ,276,
05MJ001,162000,Yes,Yes,,139058.39,
05MJ003,161000,Yes,Yes, ,138062.96,
05MJ004,556,Yes,,No ,556,
05NA003,3210,Yes,Yes,No,2699.4,
05NA004,1790,Yes,,No ,1790,
05NA005,528,Yes,,No ,528,
05NB001,4840,Yes,Yes,No ,2969.81,
05NB011,2650,Yes,,No ,2650,
05NB014,211,Yes,,No,211,
05NB018,240,Yes,,No ,240,
05NB021,1210,Yes,Yes,No ,62.41,
05NB027,4460,Yes,Yes,No ,2707.58,
05NB031,1831,Yes,,No ,1831,
05NB033,58.5,Yes,,No ,58.5,
05NB035,129,Yes,,No ,129,
05NB036,6200,Yes,,No ,6200,
05NB039,94.4,Yes,,No ,94.4,
05NB040,3890,Yes,,No ,3890,
05NB041,269,Yes,,No ,269,
05NC001,2310,Yes,,No ,2310,
05ND004,6050,Yes,,No ,6050,
05ND007,23100,Yes,Yes,No ,20052.74,
05ND010,4710,Yes,,No ,4710,
05ND011,175,Yes,,No ,175,
05NE003,2730,Yes,,No ,2730,
05NF001,49900,Yes,Yes,No ,26913.52,
05NF002,3220,Yes,Yes,No ,3203.75,
05NF006,748,Yes,,No,748,
05NF007,1150,Yes,,No,1150,
05NF008,741,Yes,,No ,741,
05NF010,348,Yes,,No ,348,
05NF012,43700,Yes,Yes,No ,20799.24,
05NG001,61100,Yes,Yes,No ,38135.68,
05NG003,4240,Yes,,No ,4240,
05NG007,5420,Yes,,No ,5420,
05NG010,1030,Yes,,No ,1030,
05NG012,530,Yes,,No ,530,
05NG019,460,Yes,,No ,460,
05NG020,998,Yes,,No ,998,
05NG021,59400,Yes,Yes,No ,36413.09,
05NG024,3900,Yes,,No ,3900,
05OA007,1520,Yes,Yes,No ,466.05,
05OA010,573,Yes,,No ,573,
05OB001,5330,Yes,Yes,No ,3850.15,
05OB007,7500,Yes,Yes,No ,4781.23,
05OB010,397,Yes,Yes,No ,108.23,
05OB016,975,Yes,Yes,No ,32.69,
05OB019,4990,Yes,Yes,No ,3513.42,
05OB021,263,Yes,Yes,No ,2.55,
05OB023,4480,Yes,Yes,No ,3002.25,
05OC001,102000,Yes,Yes,No ,4871.54,
05OC004,8480,Yes,Yes, ,4885.73,
05OC008,122000,Yes,Yes,No ,20792.62,
05OC012,115000,Yes,Yes,No ,1427,
05OC016,926,Yes,,No ,926,
05OC019,927,Yes,Yes,No ,612.86,
05OC024,62.1,Yes,,No ,62.1,
05OD004,4440,Yes,Yes,No ,1236.23,Delineation extends beyond PDA border - possibly alignment issue 
05OD028,225,Yes,Yes,No ,191.72,
05OE001,1420,Yes,,No ,1420,
05OE004,423,Yes,,No ,423,
05OE006,481,Yes,,No ,481,
05OE007,348,Yes,,No ,348,
05OE009,210,Yes,,No ,210,
05OE010,403,Yes,,No ,403,
05OE011,1420,Yes,,No ,1420,
05OE014,44.3,Yes,,No ,44.3,
05OE015,208,Yes,,No ,208,
05OF003,1130,Yes,,No ,1130,
05OF009,223,Yes,,No ,223,
05OF011,589,Yes,,No ,589,
05OF014,617,Yes,,No ,617,
05OF017,76.4,Yes,,No ,76.4,
05OF018,130,Yes,,No ,130,
05OF020,2220,Yes,,No ,2220,
05OF023,34.5,Yes,,No ,34.5,
05OF024,982,Yes,,No ,982,
05OF026,1350,Yes,,No,1350,
05OG001,1800,Yes,,No ,1800,
05OG005,589,Yes,,No ,589,
05OG008,189,Yes,,No ,189,
05OH009,302,Yes,,No ,302,
05OJ005,287000,Yes,Yes,No ,162812.17,
05OJ008,641,Yes,,No ,641,
05OJ016,240,Yes,,No ,240,
05OJ017,462,Yes,,No ,462,
05OJ020,278,Yes,,No ,278,
05PA006,13400,Yes,Yes,No ,7205.16,
05PB009,5880,Yes,,No,5880,
05PB014,4767.74,Yes,,No ,4767.74,
05PB018,358.02,Yes,,No ,358.02,
05PC018,50200,Yes,Yes,No ,27281.71,
05PC019,38600,Yes,Yes,No ,26690.11,
05PC022,99.9,Yes,,No ,99.9,
05PC023,232.67,Yes,,No ,232.67,
05PE005,NA,Yes,,No ,4.15,
05PE011,NA,Yes,Yes,No ,39456.03,
05PE020,70400,Yes,Yes,No ,39618.29,
05PE028,NA,Yes,Yes,No ,39603.41,
05PF063,126000,Yes,Yes,No ,96826.32,
05PF069,136000,Yes,Yes,No ,107432.57,
05PG001,888,Yes, ,No ,888,
05PH003,3750,Yes,,No ,3750,
05PJ001,1040,Yes,,No ,1040,
05QA002,6230,Yes,,No ,6230,
05QA004,4439.3,Yes,,No ,4439.3,
05QC001,4920,Yes,,No ,4920,
05QC003,2332.08,Yes,,No ,2332.08,
05QC006,58.07,Yes,,No ,58.07,
05QD006,6486.88,Yes,,No ,6486.88,
05QD016,2337.27,Yes,,No ,2337.27,
05QE008,1690,Yes,,No ,1690,
05QE009,1530,Yes,,No,1530,
05QE012,548,Yes,,No ,548,
05RA001,1830,Yes,,No ,1830,
05RB003,9090,Yes,,No ,9090,
05SA002,1580,Yes,,No ,1580,
05SC002,1240,Yes,,No ,1240,
05SD003,1710,Yes,,No,1710,
05SD004,393,Yes,,No ,393,
05TD001,15400,Yes,,No ,15400,
05TE002,5810,Yes,,No ,5810,
05TF002,643,Yes,,No ,643,
05TG001,18500,Yes,,No ,18500,
05TG002,886,Yes,,No ,886,
05TG003,6110,Yes,,No ,6110,
05TG006,391,Yes,,No ,391,
05UA003,4610,Yes,,No ,4610,
05UE005,1050000,Yes,Yes,Yes,298560.23,
05UF004,1090,Yes,,No ,1090,
05UF006,1100000,Yes,Yes,Yes,347358.5,
05UF007,1100000,Yes,Yes,Yes,348621.34,
05UG001,3270,Yes,,No ,3270,
05UH001,1560,Yes,,No,1560,
05UH002,2190,Yes,,No ,2190,
06AA001,4699.7,Yes,,,4699.7,
06AA002,2495.9,Yes,,,2495.9,
06AB001,4910.9,Yes,,,4910.9,
06AB002,725.7,Yes,,,725.7,
06AC001,491.8,Yes,,,491.8,
06AD001,20500,Yes,,,20500,
06AD006,14504.6,Yes,,,14504.6,
06AD007,2740,Yes,,,2740,
06AD008,167,Yes,,,167,
06AD009,1420,Yes,,,1420,
06AD010,3340,Yes,,,3340,
06AD011,416,Yes,,,416,
06AF001,6515.2,Yes,,,6515.2,
06AF005,7760,Yes,,,7760,
06AG001,45000,Yes,,,45000,
06AG002,2960,Yes,,,2960,
06BA002,2330,Yes,,,2330,
06BB003,78700,Yes,,,78700,
06BB005,4730,Yes,,,4730,
06BD001,3680,Yes,,,3680,
06CB002,15500,Yes,,,15500,
06CC001,6020,Yes,,,6020,
06CD002,119000,Yes,,,119000,
06DA002,28400,Yes,,,28400,
06DA004,7730,Yes,,,7730,
06DA005,3030,Yes,,,3030,
06DC001,10200,Yes,,,10200,
06DD002,63300,Yes,,,63300,
06EA002,212000,Yes,,,212000,
06EA006,230000,Yes,,,230000,
06EA011,209718,Yes,,,209718,
06EB004,244000,Yes,,,244000,
06FA001,5970,Yes,,,5970,
06FB001,271000,Yes,,,271000,
06FB002,4270,Yes,,,4270,
06FC001,5810,Yes,,,5810,
06FD001,289000,Yes,,,289000,
06FD002,1890,Yes,,,1890,
06GD001,48100,Yes,,,48100,
06HB002,27000,Yes,,,27000,
06JC002,65600,Yes,,,65600,
06KC003,67300,Yes,,,67300,
06LA001,21400,Yes,,,21400,
06LC001,70000,Yes,,,70000,
06MA006,152000,Yes,,,152000,
06OA007,NA,Yes,,,4694.64,
07AA001,628.5,Yes,,No ,628.5,
07AA002,3872.7,Yes,,No ,3872.7,
07AA007,29.3,Yes,,No ,29.3,
07AC001,959.8,Yes,,No ,959.8,
07AC007,5655,Yes,,No ,5655,
07AC008,93,Yes,,No ,93,
07AD002,9764.8,Yes,,No ,9764.8,
07AE001,19600,Yes,,No,19600,
07AF002,2561.6,Yes,,No ,2561.6,
07AF003,25.9,Yes,,No ,25.9,
07AF010,178,Yes,,No ,178,
07AF013,329.6,Yes,,No ,329.6,
07AF014,639.7,Yes,,No ,639.7,
07AF015,384,Yes,,No ,384,
07AG003,826,Yes,,No ,826,
07AG004,9109,Yes,,No ,9109,
07AG007,7143.3,Yes,,No ,7143.3,
07AG008,132.5,Yes,,No ,132.5,
07AH001,1661.7,Yes,,No ,1661.7,
07AH002,423.1,Yes,,No ,423.1,
07AH003,1145.1,Yes,,No ,1145.1,
07BA001,2896.5,Yes,,No ,2896.5,
07BA002,606.1,Yes,,No ,606.1,
07BA003,102.7,Yes,,No ,102.7,
07BB002,4401.6,Yes,,No ,4401.6,
07BB004,616.5,Yes,,No ,616.5,
07BB005,422.78,Yes,,No ,422.78,
07BB006,2367.6,Yes,,No ,2367.6,
07BB011,253.4,Yes,,No ,253.4,
07BB014,48.9,Yes,,No ,48.9,
07BC002,13103.7,Yes,,No ,13103.7,
07BC006,605,Yes,,No ,605,
07BC007,344,Yes,,No,344,
07BE001,74602.3,Yes,,No ,74602.3,
07BE004,128.2,Yes,,No ,128.2,
07BF001,1466.6,Yes,,No ,1466.6,
07BF002,1151.8,Yes,,No,1151.8,
07BF009,426.7,Yes,,No ,426.7,
07BF010,1713.2,Yes,,No ,1713.2,
07BF905,6001.3,Yes,,No ,6001.3,
07BG004,23.7,Yes,,No ,23.7,
07BH003,834.5,Yes,,No,834.5,
07BJ001,1900.4,Yes,,No ,1900.4,
07BJ003,155.1,Yes,,No ,155.1,
07BK001,13567,Yes,,No ,13567,
07BK005,2595.6,Yes,,No ,2595.6,
07BK007,2100.4,Yes,,No ,2100.4,
07BK009,230.3,Yes,,No,230.3,
07CA003,183.6,Yes,,No ,183.6,
07CA005,1456.4,Yes,,No ,1456.4,
07CA006,1120.4,Yes,,No ,1120.4,
07CA008,219.3,Yes,,No ,219.3,
07CA012,425,Yes,,No ,425,
07CA013,3078.3,Yes,,No ,3078.3,
07CB002,780.6,Yes,,No,780.6,
07CD001,30799.4,Yes,,No ,30799.4,
07CD004,962,Yes,,No ,962,
07CD005,17023.2,Yes,,No ,17023.2,
07CE002,4862.9,Yes,,No ,4862.9,
07CE003,279.2,Yes,,No ,279.2,
07DA001,132588,Yes,,No ,132588,
07DA006,1319.85,Yes,,No ,1319.85,
07DA008,1461,Yes,,No ,1461,
07DA018,164.8,Yes,,No ,164.8,
07DB001,5569.3,Yes,,No ,5569.3,
07DD001,155000,Yes,,No ,155000,
07DD002,2730.9,Yes,,No ,2730.9,
07EA004,4140,Yes,,No ,4140,
07EA005,15600,Yes,,No ,15600,
07EA007,1690,Yes,,No ,1690,
07EB002,2190,Yes,,No ,2190,
07EC004,1950,Yes,,No ,1950,
07ED003,6790,Yes,,No ,6790,
07EE007,4930,Yes,,No ,4930,
07EE009,310,Yes,,No ,310,
07EE010,3710,Yes,,No,3710,
07EF001,73100,Yes,,No ,73100,
07EF004,741,Yes,,No ,741,
07FA003,3780,Yes,,No ,3780,
07FA004,87200,Yes,,No ,87200,
07FA005,2140,Yes,,No ,2140,
07FA006,9340,Yes,,No,9340,
07FB001,12100,Yes,,No ,12100,
07FB002,5550,Yes,,No ,5550,
07FB003,2590,Yes,,No ,2590,
07FB004,82.4,Yes,,No ,82.4,
07FB006,2370,Yes,,No ,2370,
07FB008,1520,Yes,,No ,1520,
07FB009,486,Yes,,No ,486,
07FC001,15600,Yes,,No ,15600,
07FC003,1770,Yes,,No ,1770,
07FD001,3630,Yes,,No ,3630,
07FD002,101000,Yes,,No ,101000,
07FD003,135397,Yes,,No ,135397,
07FD004,295,Yes,,No ,295,
07FD006,538,Yes,,No ,538,
07FD007,2860,Yes,,No ,2860,
07FD009,2878.6,Yes,,No ,2878.6,
07FD010,121000,Yes,,No ,121000,
07FD011,374,Yes,,No,374,
07FD012,230,Yes,,No ,230,
07FD013,755.2,Yes,,No ,755.2,
07FD020,134,Yes,,No ,134,
07FD908,8.1,Yes,,No ,8.1,
07FD910,13,Yes,,No ,13,
07GA001,3874.1,Yes,,No ,3874.1,
07GA002,702.9,Yes,,No ,702.9,
07GB001,842.2,Yes,,No ,842.2,
07GB003,3370.9,Yes,,No ,3370.9,
07GC002,493.8,Yes,,No ,493.8,
07GD001,1610,Yes,,No ,1610,
07GD004,1248.6,Yes,,No,1248.6,
07GE001,11300,Yes,,No ,11300,
07GE002,NA,Yes,,No ,15.57,
07GE003,139.7,Yes,,No ,139.7,
07GE007,181,Yes,,No ,181,
07GF001,5037.6,Yes,,No ,5037.6,
07GF008,634.8,Yes,,No ,634.8,
07GG001,1040,Yes,,No ,1040,
07GG002,3009.1,Yes,,No ,3009.1,
07GG003,1950,Yes,,No ,1950,
07GH002,11100,Yes,,No ,11100,
07GH004,540.5,Yes,,No ,540.5,
07GJ001,50300,Yes,,No ,50300,
07HA001,194374,Yes,,No ,194374,
07HA003,1968.1,Yes,,No ,1968.1,
07HA005,2019.8,Yes,,No ,2019.8,
07HB001,878.7,Yes,,No ,878.7,
07HC001,4678.8,Yes,,No ,4678.8,
07HC002,232,Yes,,No ,232,
07HC907,31.4,Yes,,No ,31.4,
07HF001,227026,Yes,,No ,227026,
07HF002,648.6,Yes,,No ,648.6,
07JA003,1030,Yes,,No ,1030,
07JC001,492.1,Yes,,No ,492.1,
07JC002,617.8,Yes,,No ,617.8,
07JC003,6800.9,Yes,,No ,6800.9,
07JD002,35800,Yes,,No ,35800,
07JD003,582.2,Yes,,No ,582.2,
07JD004,136,Yes,,No ,136,
07JF002,6660,Yes,,No ,6660,
07JF003,2435.6,Yes,,No ,2435.6,
07JF005,200.4,Yes,,No ,200.4,
07KC001,293000,Yes,,No ,293000,
07KE001,9856.4,Yes,,No ,9856.4,
07LB002,3160,Yes,,No ,3160,
07LE002,50700,Yes,,No ,50700,
07MA003,1690,Yes,,No ,1690,
07MB001,9120,Yes,,No ,9120,
07NB001,606000,Yes,,Yes,116213.71,
07OA001,819.6,Yes,,No ,819.6,
07OB001,51700,Yes,,No ,51700,
07OB003,36900.6,Yes,,No ,36900.6,
07OB004,2597.7,Yes,,No ,2597.7,
07OB006,292,Yes,,No ,292,
07OC001,10369.6,Yes,,No ,10369.6,
07QC005,3780,Yes,,No,3780,
07QC006,2170,Yes,,No ,2170,
07QC007,NA,Yes,,No ,25640.94,
07QD004,9660,Yes,,No ,9660,
07QD007,NA,Yes,,No ,56241,
07RD001,26600,Yes,,No ,26600,
07SA002,13300,Yes,,No ,13300,
07SA008,NA,Yes,,No ,7902.89,
07SB002,16300,Yes,,No ,16300,
07SB003,11300,Yes,,No ,11300,
07SB010,3630,Yes,,No ,3630,
07SB013,121,Yes,,No ,121,
07SC002,1830,Yes,,No ,1830,
07SC004,NA,Yes,,No ,3169.99,
07SC005,NA,Yes,,No ,1639.78,
07TA001,13900,Yes,,No ,13900,
08AA003,8450,Yes,,No ,8450,
08AA008,1240,Yes,,No ,1240,
08AA009,190,Yes,,No ,190,
08AA010,3000,Yes,,No ,3000,
08AB001,16200,Yes,,No ,16200,
08AB002,28500,Yes,,No ,28500,
08AC001,375,Yes,,No ,375,
08AC002,1750,Yes,,No ,1750,
08BB005,16700,Yes,,No ,16700,
08CD001,3550,Yes,,No ,3550,
08CE001,29000,Yes,,No ,29000,
08CF003,50900,Yes,,No ,50900,
08CG001,9500,Yes,,No ,9500,
08DB001,18400,Yes,,No ,18400,
08DB013,26,Yes,,No,26,
08DB014,18,Yes,,No ,18,
08EB004,1880,Yes,,No ,1880,
08EB006,19.1,Yes,,No ,19.1,
08EC013,6760,Yes,,No ,6760,
08ED001,732,Yes,,No ,732,
08ED002,1900,Yes,,No ,1900,
08EE003,2370,Yes,,No ,2370,
08EE004,7340,Yes,,No ,7340,
08EE008,125,Yes,,No ,125,
08EE012,13.2,Yes,,No ,13.2,
08EE013,565,Yes,,No ,565,
08EE020,367,Yes,,No ,367,
08EE025,21.2,Yes,,No,21.2,
08EF001,42300,Yes,,No ,42300,
08EF005,2850,Yes,,No,2850,
08EF006,9.97,Yes,,No ,9.97,
08EG012,370,Yes,,No ,370,
08EG016,104,Yes,,No ,104,
08FA002,3900,Yes,,No ,3900,
08FB004,159,Yes,,No ,159,
08FB006,2550,Yes,,No ,2550,
08FC003,3720,Yes,,No ,3720,
08FE003,556,Yes,,No ,556,
08FF001,1990,Yes,,No,1990,
08FF002,353,Yes,,No ,353,
08FF003,180,Yes,,No ,180,
08GA010,173,Yes,,No ,173,
08GA022,2350,Yes,,No ,2350,
08GA030,179,Yes,,No ,179,
08GA043,965,Yes,,No ,965,
08GA061,3.63,Yes,,No ,3.63,
08GA072,297,Yes,,No ,297,
08GA075,284,Yes,,No ,284,
08GA076,52.8,Yes,,No ,52.8,
08GA077,63,Yes,,No ,63,
08GA079,82.9,Yes,,No ,82.9,
08GB013,147,Yes,,No ,147,
08GC008,NA,Yes,,No ,96.77,
08GD004,5680,Yes,,No ,5680,
08GD008,486,Yes,,No ,486,
08GE002,5780,Yes,,No ,5780,
08GE003,23,Yes,,No ,23,
08GF007,698,Yes,,No ,698,
08HA001,355,Yes,,No ,355,
08HA002,594,Yes,,No ,594,
08HA003,209,Yes,,No,209,
08HA010,578,Yes,,No ,578,
08HA011,826,Yes,,No ,826,
08HA016,15.5,Yes,,No ,15.5,
08HA068,2.88,Yes,,No ,2.88,
08HA070,28,Yes,,No ,28,
08HB002,319,Yes,,No ,319,
08HB006,583,Yes,,No ,583,
08HB008,351,Yes,,No ,351,
08HB011,251,Yes,,No ,251,
08HB014,162,Yes,,No ,162,
08HB023,387,Yes,,No ,387,
08HB032,86.2,Yes,,No ,86.2,
08HB034,676,Yes,,No ,676,
08HB048,10.3,Yes,,No ,10.3,
08HB075,41.1,Yes,,No ,41.1,
08HB084,479,Yes,,No ,479,
08HB086,38.6,Yes,,No ,38.6,
08HB089,86.8,Yes,,No ,86.8,
08HC001,992,Yes,,No ,992,
08HD003,1470,Yes,,No ,1470,
08HD005,278,Yes,,No ,278,
08HD006,1210,Yes,,No ,1210,
08HD007,439,Yes,,No ,439,
08HD011,302,Yes,,No ,302,
08HD015,268,Yes,,No ,268,
08HD018,132,Yes,,No,132,
08HD020,270,Yes,,No ,270,
08HD021,84.2,Yes,,No ,84.2,
08HE006,178,Yes,,No ,178,
08HE009,33.3,Yes,,No ,33.3,
08HF004,365,Yes,,No ,365,
08HF005,783,Yes,,No ,783,
08HF006,64.4,Yes,,No ,64.4,
08HF012,22.3,Yes,,No ,22.3,
08HF013,16.3,Yes,,No ,16.3,
08JA017,15500,Yes,,No ,15500,
08JA029,7.72,Yes,,No ,7.72,
08JB002,3600,Yes,,No ,3600,
08JB003,6030,Yes,,No ,6030,
08JB008,369,Yes,,No ,369,
08JC001,25200,Yes,,No ,25200,
08JC002,42700,Yes,,No ,42700,
08JE001,14200,Yes,,No ,14200,
08JE004,431,Yes,,No ,431,
08KA001,409,Yes,,No ,409,
08KA004,18000,Yes,,No ,18000,
08KA005,6890,Yes,,No ,6890,
08KA007,1710,Yes,,No ,1710,
08KA009,253,Yes,,No ,253,
08KA013,1260,Yes,,No ,1260,
08KB001,32400,Yes,,No ,32400,
08KB003,4780,Yes,,No ,4780,
08KB006,103,Yes,,No ,103,
08KC001,4230,Yes,,No ,4230,
08KD006,2860,Yes,,No ,2860,
08KD007,3330,Yes,,No ,3330,
08KE016,1550,Yes,,No ,1550,
08KE024,127,Yes,,No ,127,
08KG001,12400,Yes,,No ,12400,
08KH001,5970,Yes,,No ,5970,
08KH006,11500,Yes,,No ,11500,
08KH010,790,Yes,,No ,790,
08KH019,548,Yes,,No ,548,
08KH020,431,Yes,,No ,431,
08KH029,NA,Yes,,No ,6.28,
08KH030,NA,Yes,,No ,183.72,
08KH031,NA,Yes,,No ,2758.42,
08LA001,10300,Yes,,No ,10300,
08LA027,NA,Yes,,No ,364.99,
08LA028,79.4,Yes,,No ,79.4,
08LB020,1140,Yes,,No ,1140,
08LB024,135,Yes,,No ,135,
08LB038,272,Yes,,No ,272,
08LB047,4490,Yes,,No ,4490,
08LB064,19600,Yes,,No ,19600,
08LB069,624,Yes,,No ,624,
08LB078,443,Yes,,No ,443,
08LC002,4720,Yes,,No ,4720,
08LC003,2000,Yes,,No ,2000,
08LC018,1130,Yes,,No ,1130,
08LC039,769,Yes,,No ,769,
08LC040,70.9,Yes,,No ,70.9,
08LC042,632,Yes,,No ,632,
08LD001,3210,Yes,,No ,3210,
08LE020,1030,Yes,,No ,1030,
08LE021,1550,Yes,,No ,1550,
08LE024,932,Yes,,No ,932,
08LE027,805,Yes,,No ,805,
08LE031,15800,Yes,,No ,15800,
08LE077,26.2,Yes,,No ,26.2,
08LE112,297,Yes,,No ,297,
08LF002,5020,Yes,,No ,5020,
08LF007,479,Yes,,No ,479,
08LF027,878,Yes,,No ,878,
08LF051,55400,Yes,,No ,55400,
08LF094,98.9,Yes,,No ,98.9,
08LF099,50.5,Yes,,No ,50.5,
08LF100,10.6,Yes,,No ,10.6,
08LG006,7100,Yes,,No ,7100,
08LG010,917,Yes,,No ,917,
08LG016,87.6,Yes,,No ,87.6,
08LG041,871,Yes,,No ,871,
08LG048,316,Yes,,No ,316,
08LG049,1500,Yes,,No ,1500,
08LG056,78.2,Yes,,No ,78.2,
08LG065,2960,Yes,,No ,2960,
08LG067,1230,Yes,,No ,1230,
08LG068,178,Yes,,No ,178,
08MA001,6880,Yes,,No ,6880,
08MA002,2130,Yes,,No ,2130,
08MA003,1520,Yes,,No ,1520,
08MA006,98.8,Yes,,No ,98.8,
08MB005,19200,Yes,,No ,19200,
08MB006,1010,Yes,,No ,1010,
08MB007,232,Yes,,No ,232,
08MC018,114000,Yes,,No ,114000,
08MC040,1990,Yes,,No ,1990,
08MC045,99,Yes,,No ,99,
08MD035,NA,Yes,,No ,76.23,
08ME002,885,Yes,,No ,885,
08ME003,1020,Yes,,No ,1020,
08ME023,144,Yes,,No ,144,
08ME025,581,Yes,,No ,581,
08ME027,312,Yes,,No ,312,
08ME028,708,Yes,,No ,708,
08MF005,217000,Yes,,No ,217000,
08MF040,154000,Yes,,No ,154000,
08MF062,85.5,Yes,,No ,85.5,
08MF065,712,Yes,,No ,712,
08MF068,720,Yes,,No ,720,
08MG001,383,Yes,,No ,383,
08MG005,2100,Yes,,No ,2100,
08MG013,7890,Yes,,No ,7890,
08MG025,32.4,Yes,,No ,32.4,
08MG026,89.7,Yes,,No ,89.7,
08MH001,1230,Yes,Yes,No,777.71,
08MH002,238,Yes,,No,238,
08MH005,,Yes,,No,233,
08MH006,37.3,Yes,,No,37.3,
08MH016,335,Yes,Yes,No,120.51,
08MH024,228000,Yes,Yes,No ,227527.68,
08MH029,144,Yes,Yes,No ,1.4,"Right on the border, two small pieces cross into Canada"
08MH056,160,Yes,Yes,No ,52.27,
08MH076,47.7,Yes,,No ,47.7,
08MH090,48.9,Yes,,No ,48.9,
08MH098,11.4,Yes,,No ,11.4,
08MH103,650,Yes,Yes,No ,420.07,
08MH141,52.5,Yes,,No ,52.5,
08MH147,290,Yes,,No ,290,
08MH152,46.6,Yes,,No ,46.6,
08MH153,19,Yes,,No ,19,
08MH155,70,Yes,,No ,70,
08MH166,NA,Yes,,No ,23.58,
08NA002,6660,Yes,,No ,6660,
08NA006,1850,Yes,,No ,1850,
08NA011,1460,Yes,,No ,1460,
08NB005,9700,Yes,,No ,9700,
08NB012,587,Yes,,No ,587,
08NB014,429,Yes,,No ,429,
08NB016,80.5,Yes,,No ,80.5,
08NB019,1150,Yes,,No ,1150,
08NC004,305,Yes,,No ,305,
08ND012,934,Yes,,No ,934,
08ND013,1150,Yes,,No ,1150,
08NE006,330,Yes,,No ,330,
08NE008,96.7,Yes,,No ,96.7,
08NE039,347,Yes,,No ,347,
08NE049,87400,Yes,Yes,No ,74987.05,
08NE058,156000,Yes,Yes,No ,78642.9,
08NE074,1240,Yes,Yes,No ,1162.74,
08NE077,204,Yes,,No ,204,
08NE087,81.6,Yes,,No ,81.6,
08NE110,298,Yes,,No ,298,
08NE114,56.7,Yes,,No ,56.7,
08NE126,NA,Yes,,No ,36684.6,
08NF001,416,Yes,,No ,416,
08NG002,1520,Yes,,No ,1520,
08NG065,11500,Yes,,No ,11500,
08NG076,135,Yes,,No ,135,
08NH005,442,Yes,,No ,442,
08NH006,1480,Yes,Yes,No ,1483.14,
08NH007,1640,Yes,,No ,1640,
08NH016,57,Yes,,No ,57,
08NH021,34300,Yes,Yes,No ,22094.24,
08NH032,242,Yes,Yes,No ,70.13,
08NH084,78.3,Yes,,No ,78.3,
08NH115,6.22,Yes,,No ,6.22,
08NH118,4080,Yes,,No ,4080,
08NH119,1310,Yes,,No ,1310,
08NH120,239,Yes,,No ,239,
08NH126,NA,Yes,,No ,2430.66,
08NH130,585,Yes,,No ,585,
08NH132,92.3,Yes,,No ,92.3,
08NH138,8.84,Yes,,No ,8.84,
08NJ013,3330,Yes,,No ,3330,
08NJ026,52.9,Yes,,No ,52.9,
08NJ061,27.2,Yes,,No ,27.2,
08NJ130,9.07,Yes,,No ,9.07,
08NJ158,46400,Yes,Yes,No ,34026.46,
08NJ160,181,Yes,,No ,181,
08NJ168,47.7,Yes,,No ,47.7,
08NK002,3090,Yes,,No ,3090,
08NK016,1840,Yes,,No ,1840,
08NK018,621,Yes,,No ,621,
08NK022,138,Yes,,No ,138,
08NK026,6.4,Yes,,No ,6.4,
08NL004,1050,Yes,Yes,No ,875.21,
08NL007,1810,Yes,Yes,No ,1265.39,
08NL022,9190,Yes,Yes,No ,7533.23,
08NL024,1780,Yes,,No ,1780,
08NL038,5580,Yes,Yes,No ,5032.97,
08NL039,263,Yes,,No ,263,
08NL045,181,Yes,,No ,181,
08NL050,388,Yes,,No ,388,
08NL069,566,Yes,Yes,No ,139.98,
08NL070,408,Yes,Yes,No ,288.51,
08NL071,253,Yes, ,No ,253,
08NL076,NA,Yes,Yes,No,218.36,
08NM002,6720,Yes,,No,6720,
08NM041,182,Yes,,No,182,
08NM050,5980,Yes,,No,5980,
08NM065,569,Yes,,No,569,
08NM085,7540,Yes,,No,7540,
08NM116,795,Yes,,No,795,
08NM127,8210,Yes,Yes,No,7970.45,
08NM142,60.6,Yes,,No,60.6,
08NM171,117,Yes,,No,117,
08NM173,40.7,Yes,,No,40.7,
08NM174,114,Yes,,No,114,
08NM200,227,Yes,,No,227,
08NM232,70.7,Yes,,No,70.7,
08NM240,4.94,Yes,,No,4.94,
08NN002,2060,Yes,,No,2060,
08NN003,1890,Yes,,No,1890,
08NN012,9930,Yes,Yes,No ,8148.16,
08NN013,5700,Yes,Yes,No ,5339.21,
08NN015,233,Yes,,No ,233,
08NN019,145,Yes,,No ,145,
08NN023,221,Yes,,No ,221,
08NN026,2140,Yes,,No ,2140,
08NN028,28.5,Yes,,No ,28.5,
08NP001,1110,Yes,Yes,No,1072.5,
08NP004,92.8,Yes,,No,92.8,
08OA004,45.3,Yes,,No,45.3,
09AA006,6860,Yes,,,6860,
09AA012,864,Yes,,,864,
09AA013,989,Yes,,,989,
09AB001,19600,Yes,,,19600,
09AC001,7050,Yes,,,7050,
09AC007,648,Yes,,,648,
09AE003,3390,Yes,,,3390,
09AE006,1580,Yes,,,1580,
09AH003,1800,Yes,,,1800,
09AH004,6410,Yes,,,6410,
09BA001,7310,Yes,,,7310,
09BC001,48900,Yes,,,48900,
09BC004,21900,Yes,,,21900,
09CA004,654,Yes,,,654,
09CA006,7910,Yes,,,7910,
09CB001,6230,Yes,Yes,No ,3024.39,
09CD001,149000,Yes,,,149000,
09DB001,4770,Yes,,,4770,
09DD003,51000,Yes,,,51000,
09DD004,4750,Yes,Yes,No ,2780.59,
09EA003,7810,Yes,,,7810,
09EA004,1090,Yes,,,1090,
09EB003,2210,Yes,,,2210,
09EB004,3060,Yes,,,3060,
09ED001,288000,Yes,Yes,No ,263134.83,
09FC001,13900,Yes,Yes,No ,12132.84,
09FD002,58900,Yes,Yes,No ,57161.87,
10AA001,32600,Yes,,No ,32600,
10AA004,5100,Yes,,No ,5100,
10AA005,1010,Yes,,No ,1010,
10AB001,12800,Yes,,No ,12800,
10AC005,882,Yes,,No ,882,
10BE001,104000,Yes,,No ,104000,
10BE004,2540,Yes,,No ,2540,
10BE007,1170,Yes,,No ,1170,
10BE009,209,Yes,,No ,209,
10CA001,7400,Yes,,No ,7400,
10CB001,2180,Yes,,No ,2180,
10CD001,20300,Yes,,No ,20300,
10CD003,277,Yes,,No ,277,
10CD004,335,Yes,,No ,335,
10CD005,109,Yes,,No ,109,
10EA003,8560,Yes,,No ,8560,
10EB001,14500,Yes,,No ,14500,
10ED001,222000,Yes,,No ,222000,
10ED002,275000,Yes,,No ,275000,
10ED003,542,Yes,,No ,542,
10ED007,NA,Yes,,No ,1391.69,
10ED009,202,Yes,,No ,202,
10FA002,9270,Yes,,No ,9270,
10FB005,1310,Yes,,No ,1310,
10FB006,NA,Yes,,No ,49635.86,
10GA001,9820,Yes,,No ,9820,
10GB006,20200,Yes,,No ,20200,
10GC001,1300000,Yes,,Yes,813870.84,
10GC003,2050,Yes,,No ,2050,
10HA004,11200,Yes,,No ,11200,
10HB005,15400,Yes,,No ,15400,
10HC007,NA,Yes,,No ,300.72,
10HC008,NA,Yes,,No ,1126.02,
10JA002,32100,Yes,,No ,32100,
10JC003,146400,Yes,,No ,146400,
10KA001,1590000,Yes,,Yes,1101060.03,
10KA006,60,Yes,,No ,60,
10KA007,125,Yes,,No ,125,
10KA008,638,Yes,,No ,638,
10KA009,NA,Yes,,No ,72.58,
10KB001,7400,Yes,,No ,7400,
10KD009,NA,Yes,,No ,48.35,
10LA002,18750,Yes,,No ,18750,
10LB004,NA,Yes,,No ,2959.14,
10LB005,NA,Yes,,No ,1258.13,
10LB006,NA,Yes,,No ,509.59,
10LB007,NA,Yes,,No ,819.38,
10LC003,1300,Yes,,No ,1300,
10LC007,590,Yes,,No ,590,
10LC014,1680000,Yes,,Yes,1209241.87,
10LC017,15.21,Yes,,No ,15.21,
10LD004,NA,Yes,,No ,17225.03,
10MA001,25500,Yes,,No ,25500,
10MA003,1180,Yes,,No ,1180,
10MC002,70600,Yes,,No ,70600,
10MD001,5700,Yes,Yes,No ,3179.86,
10NC001,57800,Yes,,No ,57800,
10ND002,68.3,Yes,,No ,68.3,
10ND004,329,Yes,,No ,329,
10OB001,NA,Yes,,No ,14033.47,
10PA001,6116,Yes,,No ,6116,
10PC004,46200,Yes,,No ,46200,
10PC005,6442,Yes,,No ,6442,
10QA001,5810,Yes,,No ,5810,
10QD001,16900,Yes,,No ,16900,
10RA002,14500,Yes,,No ,14500,
10RC001,93900,Yes,,No ,93900,
10RC002,NA,Yes,,No ,2268.03,
10TA001,3640,Yes,,No ,3640,
10TF001,1490,Yes,,No ,1490,
10UH001,2980,Yes,,No ,2980,
10UH002,58.5,Yes,,No ,58.5,
10UH012,NA,Yes,,No ,2.76,
10VC002,86.8,Yes,,No ,86.8,
10VK001,NA,Yes,,No ,6470.59,
11AA001,239.4,Yes,Yes,No ,17.48,
11AA005,2721.8,Yes,Yes,No ,1404.22,
11AA025,1045,Yes,Yes,No ,29.78,
11AA026,569,Yes,,,569,
11AA028,87.6,Yes,Yes,No ,13.86,
11AA029,109,Yes,Yes,No ,3.68,
11AA038,355.8,Yes,,,355.8,
11AB001,385,Yes,,,385,
11AB008,716,Yes,,,716,
11AB009,305,Yes,,,305,
11AB027,2580,Yes,,,2580,
11AB075,174,Yes,,,174,
11AB082,905.2,Yes,,,905.2,
11AB083,2140,Yes,,,2140,
11AB096,1850,Yes,,,1850,
11AB101,2210,Yes,,,2210,
11AB103,102,Yes,,,102,
11AB108,655,Yes,,,655,
11AB117,111,Yes,,,111,
11AB118,681,Yes,,,681,
11AC017,1207,Yes,,,1207,
11AC025,494,Yes,,,494,
11AC041,5510,Yes,Yes,No ,5497.67,
11AE003,1400,Yes,,,1400,
11AE009,837,Yes,Yes,No ,734.08,
11AE010,187,Yes,,,187,
01AD004,15500,No,,,15500,
01AD015,2712,No,,,2712,
01BD008,558,No,,,558,
01BD009,2756,No,,,2756,
01BF004,1139,No,,,1139,
01BG005,1680,No,,,1680,
01BG008,1340,No,,,1340,
01BG009,1910,No,,,1910,
01BH005,645,No,,,645,
01BH010,659,No,,,659,
01DG043,NA,No,,,93,"Fairly close to the coast, could be one of the most downstream stations (drainage area has been estimated with shapefile) "
02BE002,2880,No,,,2880,
02BF014,1826,No,,,1826,
02CA007,272,No,,,272,
02CE007,40.6,No,,,40.6,
02CF013,40.6,No,,,40.6,
02CF014,541,No,,,541,
02DB007,59,No,,,59,
02DD010,13900,No,,,13900,
02DD016,NA,No,,,NA,There are other stations that appear to be more downstream than this one 
02DD017,NA,No,,,NA,There are other stations that appear to be more downstream than this one 
02DD020,NA,No,,,NA,There are other stations that appear to be more downstream than this one 
02EB006,4770,No,,,4770,
02EC003,5850,No,,,5850,
02EC014,5310,No,,,5310,
02EC020,40.2,No,,,40.2,
02ED010,127,No,,,127,
02FC012,635,No,,,635,
02FC016,329,No,,,329,
02FE011,112,No,,,112,
02FE013,416,No,,,416,
02FF012,75.6,No,,,75.6,
02FF013,144,No,,,144,
02GA006,790,No,,,790,
02GA034,1170,No,,,1170,
02GA038,326,No,,,326,
02GA040,167,No,,,167,
02GA041,66.49,No,,,66.49,
02GA048,2490,No,,,2490,
02GC014,65.8,No,,,65.8,
02GC036,40.3,No,,,40.3,
02GD005,1080,No,,,1080,
02GD019,36,No,,,36,
02GD022,29.1,No,,,29.1,
02GD026,74.5,No,,,74.5,
02GG014,576013,No,,,576013,
02GH002,125,No,,,125,
02GH003,159,No,,,159,
02GH004,29.6,No,,,29.6,
02GH015,592589,No,,,592589,
02HA003,686000,No,,,686000,Likely a border most downstream station as the drainage area is much larger than the Great Lakes PDA drainage area - area needs to be estimated from a clipped version of the drainage region
02HA013,682980,No,,,682980,
02HA019,NA,No,,,35,"Very close to Lake Erie, could be a most downstream station (drainage area has been estimated with shapefile) "
02HA024,83.22,No,,,83.22,
02HB015,63.5,No,,,63.5,
02HB020,32.3,No,,,32.3,
02HC005,88.1,No,,,88.1,
02HC023,62.2,No,,,62.2,
02HC032,94.8,No,,,94.8,
02HC051,42,No,,,42,
02HC057,58.53,No,,,58.53,
02HD013,42.87,No,,,42.87,
02HD020,40.6,No,,,40.6,
02HG001,189,No,,,189,
02HJ008,NA,No,,,NA,Does not appear to be a downstream station 
02HK005,456,No,,,456,
02HK010,12400,No,,,12400,
02HM010,532,No,,,532,
02JB009,10300,No,,,10300,
02JB013,2590,No,,,2590,
02JE029,5977,No,,,5977,
02KC015,674.11,No,,,674.11,
02KC018,465,No,,,465,
02KF005,90900,No,,,90900,
02KJ004,3760,No,,,3760,
02LA024,661,No,,,661,
02LB009,1050,No,,,1050,
02LB017,69.2,No,,,69.2,
02LB031,310.73,No,,,310.73,
02LB033,54.1,No,,,54.1,
02LC008,1170,No,,,1170,
02LC009,32.6,No,,,32.6,
02LC010,39.1,No,,,39.1,
02LC011,13.1,No,,,13.1,
02LC012,13.1,No,,,13.1,
02LC013,26.4,No,,,26.4,
02LC014,17.8,No,,,17.8,
02LC015,141,No,,,141,
02LC016,39.6,No,,,39.6,
02LC017,104,No,,,104,
02LC021,311,No,,,311,
02LC027,109,No,,,109,
02LC029,5460,No,,,5460,
02LC043,39.9,No,,,39.9,
02LC070,39.1,No,,,39.1,
02LD005,1330,No,,,1330,
02LD006,61.6,No,,,61.6,
02LE013,1050,No,,,1050,
02LE014,932,No,,,932,
02LE017,704,No,,,704,
02LE024,4530,No,,,4530,
02LE025,883,No,,,883,
02LF002,7670,No,,,7670,
02LG005,6840,No,,,6840,
02LH032,1290,No,,,1290,
02LH033,1679,No,,,1679,
02MC030,25.8,No,,,25.8,
02ND003,2640,No,,,2640,
02NE011,1570,No,,,1570,
02NF003,1390,No,,,1390,
02OA003,NA,No,,,NA,Does not appear to be a downstream station 
02OA004,146000,No,,,146000,
02OA016,NA,No,,,NA,Does not appear to be a downstream station 
02OA033,NA,No,,,NA,Does not appear to be a downstream station 
02OA054,2490,No,,,2490,
02OA057,643,No,,,643,
02OA107,NA,No,,,NA,Does not appear to be a downstream station 
02OA108,1060,No,,,1060,
02OB008,1340,No,,,1340,
02OB017,1270,No,,,1270,
02OB032,190,No,,,190,
02OB037,647,No,,,647,
02OC002,1030,No,,,1030,
02OC004,774,No,,,774,
02OC021,186,No,,,186,
02OD001,549,No,,,549,
02OD003,1540,No,,,1540,
02OD010,342,No,,,342,
02OE001,1230,No,,,1230,
02OE005,5980,No,,,5980,
02OE019,610,No,,,610,
02OE022,521,No,,,521,
02OE024,1200,No,,,1200,
02OE025,1710,No,,,1710,
02OE027,642,No,,,642,
02OE032,738,No,,,738,
02OE062,2930,No,,,2930,
02OE070,1730,No,,,1730,
02OG002,1230,No,,,1230,
02OG007,139,No,,,139,
02OG014,209,No,,,209,
02OG019,1490,No,,,1490,
02OG026,316,No,,,316,
02OG042,271,No,,,271,
02OG045,30.5,No,,,30.5,
02OG047,3330,No,,,3330,
02OH012,95,No,,,95,
02OJ007,22000,No,,,22000,
02OJ024,309,No,,,309,
02OJ026,345,No,,,345,
02PA007,4480,No,,,4480,
02PB006,642,No,,,642,
02PB019,1550,No,,,1550,
02PC002,2010,No,,,2010,
02PC010,213,No,,,213,
02PC011,213,No,,,213,
02PC017,331,No,,,331,
02PC018,1.68,No,,,1.68,
02PC019,102,No,,,102,
02PD002,1100,No,,,1100,
02PD004,269,No,,,269,
02PD010,357,No,,,357,
02PD012,3.94,No,,,3.94,
02PD013,9.17,No,,,9.17,
02PD014,1.22,No,,,1.22,
02PD015,3.57,No,,,3.57,
02PE014,24.9,No,,,24.9,
02PF001,1700,No,,,1700,
02PG001,1050,No,,,1050,
02PG003,261,No,,,261,
02PG006,525,No,,,525,
02PG009,261,No,,,261,
02PG022,795,No,,,795,
02PG023,215,No,,,215,
02PH010,821,No,,,821,
02PH011,1160,No,,,1160,
02PH012,61.9,No,,,61.9,
02PH014,195,No,,,195,
02PJ005,5820,No,,,5820,
02PJ007,709,No,,,709,
02PJ012,775,No,,,775,
02PJ014,3070,No,,,3070,
02PJ030,691,No,,,691,
02PJ034,137,No,,,137,
02PK009,385,No,,,385,
02PL005,919,No,,,919,
02PL015,50,No,,,50,
02PL016,2171,No,,,2171,
02QA001,932,No,,,932,
02QA002,1610,No,,,1610,
02QA036,95,No,,,95,
02QB001,1650,No,,,1650,
02QB005,208,No,,,208,
02QC009,774,No,,,774,
02RC011,1090,No,,,1090,
02RD003,9870,No,,,9870,
02RD007,9293,No,,,9293,
02RF001,15300,No,,,15300,
02RF009,585,No,,,585,
02RG005,2280,No,,,2280,
02RG007,562,No,,,562,
02RG008,562,No,,,562,
02RH002,3990,No,,,3990,
02RH014,3390,No,,,3390,
02RH015,3390,No,,,3390,
02RH027,495,No,,,495,
02RH035,1110,No,,,1110,
02RH045,746,No,,,746,
02RH065,322,No,,,322,
02RH066,355,No,,,355,
02RH067,441,No,,,441,
02RH071,1500,No,,,1500,
02RH072,3390,No,,,3390,
02RH073,1100,No,,,1100,
02SC005,767,No,,,767,
02UA003,1570,No,,,1570,
02UC002,19000,No,,,19000,
02VB004,7230,No,,,7230,
02WB003,15600,No,,,15600,
02XA008,192000,No,,,192000,
02XC001,6630,No,,,6630,
02YO013,NA,No,,,NA,Does not appear to be a downstream station (one other station) 
02YO018,NA,No,,,9336,Could be a most downstream station (drainage area has been estimated with shapefile) 
02ZC003,NA,No,,,1452,Most downstream station (drainage area has been estimated with shapefile)
02ZK008,NA,No,,,36,Most downstream station (drainage area has been estimated with shapefile)
02ZM018,10.7,No,,,10.7,
02ZM023,NA,No,,,1.1,Most downstream station (drainage area has been estimated with shapefile)
02ZM024,NA,No,,,NA,Does not appear to be a downstream station (one other station) 
03AB002,31900,No,,,31900,
03AC004,22200,No,,,22200,
03BD002,9820,No,,,9820,
03BF001,6090,No,,,6090,
03ED001,36300,No,,,36300,
03FA003,8390,No,,,8390,
03JB004,33900,No,,,33900,
03KC004,42700,No,,,42700,
03LF002,47711,No,,,47711,
03MB002,29800,No,,,29800,
03MD001,22755,No,,,22755,
03NE007,NA,No,,,NA,Does not appear to be a downstream station (one other station) 
03NE013,NA,No,,,NA,"Most downstream station (should estimate drainage area), very complex network, not sure how to estimate"
03OA015,NA,No,,,NA,Does not appear to be a downstream station 
03OB004,NA,No,,,NA,Does not appear to be a downstream station 
03OB005,NA,No,,,NA,Does not appear to be a downstream station 
03OB007,NA,No,,,NA,Does not appear to be a downstream station 
03OD007,1750,No,,,1750,
03OD008,NA,No,,,NA,Does not appear to be a downstream station 
03OD009,NA,No,,,NA,Does not appear to be a downstream station 
03QC003,NA,No,,,1604,Most downstream station (drainage area has been estimated with shapefile)
03QC004,NA,No,,,592,Most downstream station (drainage area has been estimated with shapefile)
04AA003,9010,No,,,9010,
04CA002,36500,No,,,36500,
04CA003,619,No,,,619,
04CA004,NA,No,,,NA,Does not appear to be a downstream station 
04CA005,NA,No,,,NA,Does not appear to be a downstream station 
04CB001,10800,No,,,10800,
04DA001,5960,No,,,5960,
04DA002,19000,No,,,19000,
04DB001,7950,No,,,7950,
04DC001,50000,No,,,50000,
04DC002,4710,No,,,4710,
04EA001,10400,No,,,10400,
04FA001,9010,No,,,9010,
04FA002,1540,No,,,1540,
04FA003,4900,No,,,4900,
04FB001,24200,No,,,24200,
04FC001,36000,No,,,36000,
04FC003,NA,No,,,NA,Does not appear to be a downstream station 
04GA002,5390,No,,,5390,
04GA003,2230,No,,,2230,
04GB004,11200,No,,,11200,
04GC002,16300,No,,,16300,
04GD001,32400,No,,,32400,
04HA001,118000,No,,,118000,
04HA002,NA,No,,,126779,"Most downstream station (estimate drainage area) - very large drainage area, difficult to estimate. Area estimated by adding the extra portion captured by this station to the area of the station just downstream (04HA001). "
04JG001,26200,No,,,26200,
04KA001,4250,No,,,4250,
04LA003,872,No,,,872,
04LE002,432,No,,,432,
04LG004,60100,No,,,60100,
04LM001,22900,No,,,22900,
04ME003,27500,No,,,27500,
04ME005,326.27,No,,,326.27,
04MF001,6680,No,,,6680,
04NA001,3680,No,,,3680,
05AA004,157.5,No,,,157.5,
05AA030,63.3,No,,,63.3,
05AA035,1834.1,No,,,1834.1,
05AB019,NA,No,,,NA,Does not appear to be a downstream station 
05AB042,NA,No,,,NA,Does not appear to be a downstream station 
05AB045,85.7,No,,,85.7,Does not appear to be a downstream station 
05AC017,NA,No,,,NA,Does not appear to be a downstream station 
05AC902,NA,No,,,NA,Does not appear to be a downstream station 
05AC938,NA,No,,,NA,Does not appear to be a downstream station 
05AD013,NA,No,,,NA,Does not appear to be a downstream station 
05AD017,NA,No,,,NA,Does not appear to be a downstream station 
05AD021,NA,No,,,NA,Does not appear to be a downstream station 
05AD027,NA,No,,,NA,Does not appear to be a downstream station 
05AD028,1631.4,No,,,1631.4,Does not appear to be a downstream station 
05AD037,NA,No,,,NA,Does not appear to be a downstream station 
05AE021,NA,No,,,NA,Does not appear to be a downstream station 
05AE026,NA,No,,,NA,Does not appear to be a downstream station 
05AE027,1206.4,No,,,1206.4,Does not appear to be a downstream station 
05AE029,NA,No,,,NA,Does not appear to be a downstream station 
05AH041,438.8,No,,,438.8,Does not appear to be a downstream station 
05AH044,NA,No,,,NA,Does not appear to be a downstream station 
05AH047,82.3,No,,,82.3,Does not appear to be a downstream station 
05BC008,40.9,No,,,40.9,Does not appear to be a downstream station 
05BD004,NA,No,,,NA,Does not appear to be a downstream station 
05BE007,NA,No,,,NA,Does not appear to be a downstream station 
05BF003,362,No,,,362,Does not appear to be a downstream station 
05BH013,36.9,No,,,36.9,Does not appear to be a downstream station 
05BH016,274.6,No,,,274.6,Does not appear to be a downstream station 
05BL015,NA,No,,,NA,Does not appear to be a downstream station 
05BL025,NA,No,,,NA,Does not appear to be a downstream station 
05BM015,NA,No,,,NA,Does not appear to be a downstream station 
05BM020,NA,No,,,NA,Does not appear to be a downstream station 
05BM021,NA,No,,,NA,Does not appear to be a downstream station 
05BN006,318.4,No,,,318.4,Does not appear to be a downstream station 
05BN008,NA,No,,,NA,Does not appear to be a downstream station 
05CB007,5593.6,No,,,5593.6,Does not appear to be a downstream station 
05CD004,15100,No,,,15100,Does not appear to be a downstream station 
05CE002,2428.6,No,,,2428.6,Does not appear to be a downstream station 
05CG007,NA,No,,,NA,Does not appear to be a downstream station 
05CK001,699.3,No,,,699.3,Does not appear to be a downstream station 
05DE006,20532.2,No,,,20532.2,"Based on the size here, this stations drainage area might extend into other PDAs, but it doesn't appear to be one of the most downstream stations "
05DF009,1107.8,No,,,1107.8,Does not appear to be a downstream station 
05HF015,46.1,No,,,46.1,Does not appear to be a downstream station 
05HH003,360,No,,,360,Does not appear to be a downstream station 
05JA005,966.18,No,,,966.18,Does not appear to be a downstream station 
05JA006,314.59,No,,,314.59,Does not appear to be a downstream station 
05JC005,NA,No,,,NA,Does not appear to be a downstream station 
05JF008,15.3,No,,,15.3,Does not appear to be a downstream station 
05JG006,NA,No,,,NA,Does not appear to be a downstream station 
05KA001,1170,No,,,1170,Does not appear to be a downstream station 
05LE001,4060,No,,,4060,Does not appear to be a downstream station 
05LL019,161000,No,,,161000,"Possibly most downstream station, its possible that the drainage area extends into the US, but there is no shapefile to estimate the Canadian portion"
05LN006,420,No,,,420,Does not appear to be a downstream station 
05MF024,994,No,,,994,Does not appear to be a downstream station 
05MG015,85.8,No,,,85.8,Does not appear to be a downstream station 
05MJ013,79.8,No,,,79.8,Does not appear to be a downstream station 
05NB038,NA,No,,,NA,Does not appear to be a downstream station 
05ND013,6050,No,,,6050,Does not appear to be a downstream station 
05OA001,455,No,,,455,Does not appear to be a downstream station 
05OA006,574,No,,,574,Does not appear to be a downstream station 
05OC017,119500,No,,,119500,Does not appear to be a downstream station 
05OC022,195,No,,,195,Does not appear to be a downstream station 
05OC029,NA,No,,,NA,Does not appear to be a downstream station 
05OD001,5020,No,,,5020,Does not appear to be a downstream station 
05OD034,NA,No,,,NA,Does not appear to be a downstream station 
05OG002,2300,No,,,2300,Does not appear to be a downstream station 
05OH007,580,No,,,580,Does not appear to be a downstream station 
05OJ019,278,No,,,278,Does not appear to be a downstream station 
05PA012,4510,No,,,4510,Does not appear to be a downstream station
05PE006,NA,No,,,NA,Does not appear to be a downstream station
05PF051,126000,No,,,126000,Does not appear to be a downstream station
05PF068,135000,No,,,105959,"Potential to be most downstream station (only one other station), unsure if the drainage area would cross US border. The new area was estimated by subtracting the part above the next most downstream station (05PF069) to the area for that station, which has a shapefile and was clipped to reflect the portions that cross the border. "
05PH007,864,No,,,864,Does not appear to be a downstream station
05RC001,5730,No,,,5730,Does not appear to be a downstream station
05SD005,601,No,,,601,Does not appear to be a downstream station
05UB008,NA,No,,,NA,Does not appear to be a downstream station
05UB009,NA,No,,,NA,Does not appear to be a downstream station
06CA001,7280,No,,,7280,Does not appear to be a downstream station
06EC002,261000,No,,,261000,Does not appear to be a downstream station
06JB001,5770,No,,,5770,Does not appear to be a downstream station
07BE003,57.38,No,,,57.38,Does not appear to be a downstream station
07BK012,1244.05,No,,,1244.05,Does not appear to be a downstream station
07DC001,5987.6,No,,,5987.6,Does not appear to be a downstream station
07DD003,NA,No,,,155056,"Potential to be most downstream station (only one other station), drainage area estimated from station with area (07DD001) just upstream by adding the additional area covered by this station."
07EC002,5560,No,,,5560,Does not appear to be a downstream station
07EC003,3060,No,,,3060,Does not appear to be a downstream station
07HA914,22.1,No,,,22.1,Does not appear to be a downstream station
07HD001,216813,No,,,216813,Does not appear to be a downstream station
07KF015,NA,No,,,155072,"Most downstream station, drainage area estimated from station with area (07DD001) just upstream by adding the additional area covered by this station. "
07PA001,18500,No,,,18500,Does not appear to be a downstream station
07QC008,169,No,,,169,Does not appear to be a downstream station
07SA004,1520,No,,,1520,Does not appear to be a downstream station
07SC001,2850,No,,,2850,Does not appear to be a downstream station
07UC001,15600,No,,,15600,Does not appear to be a downstream station
08DA005,218,No,,,218,"Appears to be most downstream station, but DA likely does not cross into Fraser - lower mainland"
08DA012,8.64,No,,,8.64,Does not appear to be a downstream station
08EB003,26000,No,,,26000,Does not appear to be a downstream station
08EB005,12400,No,,,12400,Does not appear to be a downstream station
08EC001,6350,No,,,6350,Does not appear to be a downstream station
08EC004,808,No,,,808,Does not appear to be a downstream station
08EC014,NA,No,,,NA,Does not appear to be a downstream station
08ED004,4.22,No,,,4.22,Does not appear to be a downstream station
08EE005,8940,No,,,8940,Does not appear to be a downstream station
08EG018,7.16,No,,,7.16,"Appears to be most downstream station, but DA likely does not cross into Fraser - lower mainland"
08FB011,NA,No,,,3809,Most downstream station (drainage area estimated from shapefile) 
08FE002,NA,No,,,49,"Potential to be most downstream station (only one other station), estimated drainage area from shapefile"
08FF006,3.19,No,,,3.19,"Appears to be most downstream station, but DA likely does not cross into Fraser - lower mainland"
08GA031,197,No,,,197,"Appears to be most downstream station, but DA likely does not cross into Fraser - lower mainland"
08GA047,32.6,No,,,32.6,"Appears to be most downstream station, but DA likely does not cross into Fraser - lower mainland"
08GA071,1200,No,,,1200,Does not appear to be a downstream station
08GB014,135,No,,,135,"Appears to be most downstream station, but DA likely does not cross into Fraser - lower mainland"
08GC005,NA,No,,,NA,Does not appear to be a downstream station
08GC006,NA,No,,,NA,Does not appear to be a downstream station
08GC007,NA,No,,,NA,Does not appear to be a downstream station
08HA069,8.12,No,,,8.12,"Appears to be most downstream station, but DA likely does not cross into Fraser - lower mainland"
08HA072,3.81,No,,,3.81,Does not appear to be a downstream station
08HB022,15,No,,,15,"Appears to be most downstream station, but DA likely does not cross into Fraser - lower mainland"
08HB025,87.9,No,,,87.9,Does not appear to be a downstream station
08HB029,237,No,,,237,"Appears to be most downstream station, but DA likely does not cross into Fraser - lower mainland"
08HB041,62.2,No,,,62.2,Does not appear to be a downstream station
08HB074,213,No,,,213,Does not appear to be a downstream station
08HB092,211,No,,,211,Does not appear to be a downstream station
08HC005,60,No,,,60,Does not appear to be a downstream station
08HC006,NA,No,,,NA,Does not appear to be a downstream station
08HD023,38,No,,,38,"Appears to be most downstream station, but DA likely does not cross into Fraser - lower mainland"
08HD026,NA,No,,,NA,Does not appear to be a downstream station
08HD027,215,No,,,215,Does not appear to be a downstream station
08HD029,NA,No,,,NA,Does not appear to be a downstream station
08HD032,NA,No,,,NA,Does not appear to be a downstream station
08HE008,14.6,No,,,14.6,"Appears to be most downstream station, but DA likely does not cross into Fraser - lower mainland"
08JA013,NA,No,,,NA,Does not appear to be a downstream station
08JA015,86.5,No,,,86.5,"Appears to be most downstream station, but DA is likely contained within Fraser - lower mainland PDA"
08JB013,9.08,No,,,9.08,Does not appear to be a downstream station
08JD006,403,No,,,336,"Appears to be most downstream station, and DA appears to cross into Pacific coastal PDA (drainage area estimated from clipped DA shapefile)"
08KE018,79900,No,,,79900,Does not appear to be a downstream station
08LB076,166,No,,,166,Does not appear to be a downstream station
08LE108,20.8,No,,,20.8,Does not appear to be a downstream station
08LF023,37800,No,,,37800,Does not appear to be a downstream station
08LG008,775,No,,,775,Does not appear to be a downstream station
08MC039,192,No,,,192,Does not appear to be a downstream station
08MF035,218000,No,,,218000,Does not appear to be a downstream station
08MH126,232000,No,,,232000,"Appears to be most downstream station, but DA is likely contained within Fraser - lower mainland PDA"
08MH156,12.2,No,,,12.2,Does not appear to be a downstream station
08MH168,NA,No,,,NA,Does not appear to be a downstream station
08ND025,NA,No,,,NA,Does not appear to be a downstream station
08NE123,99.6,No,,,99.6,Does not appear to be a downstream station
08NG077,208,No,,,208,Does not appear to be a downstream station
08NK030,NA,No,,,NA,Does not appear to be a downstream station
08NM037,101,No,,,101,Does not appear to be a downstream station
08NM134,34.6,No,,,34.6,Does not appear to be a downstream station
08NM146,15.3,No,,,15.3,Does not appear to be a downstream station
08NM241,4.5,No,,,4.5,Does not appear to be a downstream station
08NM242,3.73,No,,,3.73,Does not appear to be a downstream station
08NM247,7150,No,,,7150,Does not appear to be a downstream station
08OA002,480,No,,,480,"Appears to be most downstream station, but DA is likely contained within Pacific coastal PDA"
08OA003,NA,No,,,0.07,Most downstream station (drainage area estimated from shapefile) 
08OA005,10.6,No,,,10.6,"Appears to be most downstream station, but DA is likely contained within Pacific coastal PDA"
08OB002,76.7,No,,,76.7,"Appears to be most downstream station, but DA is likely contained within Pacific coastal PDA"
08PA004,987,No,,,987,"Appears to be most downstream station, but DA is likely contained within Fraser - lower mainland PDA"
09AA018,NA,No,,,NA,Does not appear to be a downstream station
09AH001,81800,No,,,81800,Does not appear to be a downstream station
09AH005,552,No,,,552,Does not appear to be a downstream station
09BA002,5020,No,,,5020,Does not appear to be a downstream station
09BB001,997,No,,,997,Does not appear to be a downstream station
09BC002,18400,No,,,18400,Does not appear to be a downstream station
09DA001,4840,No,,,4840,Does not appear to be a downstream station
09EA005,860,No,,,860,Does not appear to be a downstream station
09EB001,264000,No,,,264000,"Most downstream station, but DA is likely contained within the Yukon PDA"
09FA001,6730,No,,,6730,Does not appear to be a downstream station
09FB002,1720,No,,,1720,Does not appear to be a downstream station
10AD002,2150,No,,,2150,Does not appear to be a downstream station
10BD001,7280,No,,,7280,Does not appear to be a downstream station
10BE013,3740,No,,,3740,Does not appear to be a downstream station
10DA001,22400,No,,,22400,Does not appear to be a downstream station
10EC002,495,No,,,495,Does not appear to be a downstream station
10EC003,NA,No,,,NA,Does not appear to be a downstream station
10FB001,980000,No,,,980000,"Drainage area likely extends into the Peace Athabasca PDA, but is not a most downstream station"
10LC002,NA,No,,,NA,"Appears to be most downstream station, unsure how to estimate the overall drainage area as it is very large/complex"
10MC003,NA,No,,,NA,"Most downstream station, unsure how to estimate the overall drainage area as it is very large/complex"
10MC008,NA,No,,,NA,"Most downstream station, unsure how to estimate the overall drainage area as it is very large/complex and may possibly extend into Peace Athabasca PDA (can't estimate from upstream DA's)"
10MD002,1500,No,,,1500,"Appears to be most downstream station, but DA is likely contained within Arctic Coast - Islands PDA"
10PA002,2012,No,,,2012,Does not appear to be a downstream station
10PB001,19200,No,,,19200,Does not appear to be a downstream station
10QC001,16800,No,,,16800,"Appears to be most downstream station, but DA is likely contained within Arctic Coast - Islands PDA"
10RA001,19600,No,,,19600,Does not appear to be a downstream station
11AA031,11715.1,No,,,4044,"Most downstream station and drainage area extends into the US, clipped drainage area estimated with shapefile"
11AA032,157.6,No,,,0,Drainage area appears to be entirely in the US
11AB018,NA,No,,,NA,Does not appear to be a downstream station
11AB020,NA,No,,,NA,Does not appear to be a downstream station
11AB044,NA,No,,,NA,Does not appear to be a downstream station
11AB058,NA,No,,,NA,Does not appear to be a downstream station
11AB060,NA,No,,,NA,Does not appear to be a downstream station
11AB077,NA,No,,,NA,Does not appear to be a downstream station
11AB078,NA,No,,,NA,Does not appear to be a downstream station
11AB084,NA,No,,,NA,Does not appear to be a downstream station
11AB085,NA,No,,,NA,Does not appear to be a downstream station
11AB102,NA,No,,,NA,Does not appear to be a downstream station
11AB114,370,No,,,370,Does not appear to be a downstream station
11AB115,370,No,,,370,Does not appear to be a downstream station
11AC052,NA,No,,,NA,Does not appear to be a downstream station
11AC054,NA,No,,,3482,Most downstream station (drainage area estimated with shapefile) 
11AC060,NA,No,,,NA,Does not appear to be a downstream station
11AC064,NA,No,,,NA,Does not appear to be a downstream station
11AC065,NA,No,,,NA,Does not appear to be a downstream station
11AC066,NA,No,,,NA,Does not appear to be a downstream station
11AC068,NA,No,,,NA,Does not appear to be a downstream station
11AC069,NA,No,,,NA,Does not appear to be a downstream station
11AE008,928,No,,,909,"Most downstream station and drainage area extends into the US, clipped DA area estimated with shapefile"
11AE014,143,No,,,143,Does not appear to be a downstream station
11AE015,880,No,,,880,Does not appear to be a downstream station
